,play-team-vtm-link,play-team-vtm,quarter,time,score,neutral,play-team-htm-link,play-team-htm,play-team-vtm-video-url,play-team-htm-video-url
0,,,1,10:00,,,https://stats.wnba.com/events/?flag=1&GameID=1022500071&GameEventID=4&Season=2025&title=Jump Ball Boston vs. Nelson-Ododa: Tip to Charles&SeasonType=Regular Season&LeagueID=10,Jump Ball Boston vs. Nelson-Ododa: Tip to Charles,,https://videos.nba.com/wnba/pbp/media/2025/06/17/1022500071/4/b05d7a8d-1b5b-87d0-9eab-2665632dffaf_1280x720.mp4
1,https://stats.wnba.com/events/?flag=1&GameID=1022500071&GameEventID=7&Season=2025&title=MISS Charles 7' Driving Hook Shot&SeasonType=Regular Season&LeagueID=10,MISS Charles 7' Driving Hook Shot,1,9:41,,,,,https://videos.nba.com/wnba/pbp/media/2025/06/17/1022500071/7/c3ca876a-f1f0-eac5-13e3-c88acf86770a_1280x720.mp4,
2,,,1,9:38,,,https://stats.wnba.com/events/?flag=1&GameID=1022500071&GameEventID=8&Season=2025&title=Boston REBOUND (Off:0 Def:1)&SeasonType=Regular Season&LeagueID=10,Boston REBOUND (Off:0 Def:1),,https://videos.nba.com/wnba/pbp/media/2025/06/17/1022500071/8/9d8691ab-0d02-024c-4f22-e33c38e3b2b9_1280x720.mp4
3,,,1,9:25,,,https://stats.wnba.com/events/?flag=1&GameID=1022500071&GameEventID=9&Season=2025&title=MISS Clark 17' Step Back Jump Shot&SeasonType=Regular Season&LeagueID=10,MISS Clark 17' Step Back Jump Shot,,https://videos.nba.com/wnba/pbp/media/2025/06/17/1022500071/9/78398118-d6ee-60ba-9d3d-46c2a7326e0e_1280x720.mp4
4,,,1,9:23,,,https://stats.wnba.com/events/?flag=1&GameID=1022500071&GameEventID=10&Season=2025&title=FEVER Rebound&SeasonType=Regular Season&LeagueID=10,FEVER Rebound,,https://videos.nba.com/wnba/pbp/media/2025/06/17/1022500071/10/c12e0022-9243-7776-acaa-8cccf60d0181_1280x720.mp4
5,https://stats.wnba.com/events/?flag=1&GameID=1022500071&GameEventID=12&Season=2025&title=Sheldon STEAL (1 STL)&SeasonType=Regular Season&LeagueID=10,Sheldon STEAL (1 STL),1,9:18,,,https://stats.wnba.com/events/?flag=1&GameID=1022500071&GameEventID=12&Season=2025&title=Clark Bad Pass Turnover (P1.T1)&SeasonType=Regular Season&LeagueID=10,Clark Bad Pass Turnover (P1.T1),https://videos.nba.com/wnba/pbp/media/2025/06/17/1022500071/12/d1d86ddc-0afe-fb63-876d-26e819645a0d_1280x720.mp4,https://videos.nba.com/wnba/pbp/media/2025/06/17/1022500071/12/d1d86ddc-0afe-fb63-876d-26e819645a0d_1280x720.mp4
6,https://stats.wnba.com/events/?flag=1&GameID=1022500071&GameEventID=14&Season=2025&title=MISS Mabrey 3PT Step Back Jump Shot&SeasonType=Regular Season&LeagueID=10,MISS Mabrey 3PT Step Back Jump Shot,1,9:09,,,,,https://videos.nba.com/wnba/pbp/media/2025/06/17/1022500071/14/51e45943-0f4a-17d1-6f71-5c71b82f4073_1280x720.mp4,
7,https://stats.wnba.com/events/?flag=1&GameID=1022500071&GameEventID=15&Season=2025&title=Nelson-Ododa REBOUND (Off:1 Def:0)&SeasonType=Regular Season&LeagueID=10,Nelson-Ododa REBOUND (Off:1 Def:0),1,9:06,,,,,https://videos.nba.com/wnba/pbp/media/2025/06/17/1022500071/15/d528ee3a-9db9-c002-a4df-f9d8ce7b2bd3_1280x720.mp4,
8,https://stats.wnba.com/events/?flag=1&GameID=1022500071&GameEventID=16&Season=2025&title=MISS Hartley 19' Step Back Jump Shot&SeasonType=Regular Season&LeagueID=10,MISS Hartley 19' Step Back Jump Shot,1,8:58,,,,,https://videos.nba.com/wnba/pbp/media/2025/06/17/1022500071/16/cd588fa8-0b6f-7014-d7d3-1486d51f8e1e_1280x720.mp4,
9,,,1,8:54,,,https://stats.wnba.com/events/?flag=1&GameID=1022500071&GameEventID=17&Season=2025&title=Mitchell REBOUND (Off:0 Def:1)&SeasonType=Regular Season&LeagueID=10,Mitchell REBOUND (Off:0 Def:1),,https://videos.nba.com/wnba/pbp/media/2025/06/17/1022500071/17/f746f636-0f5f-1568-c7e8-0a215335ca24_1280x720.mp4
10,https://stats.wnba.com/events/?flag=1&GameID=1022500071&GameEventID=18&Season=2025&title=Nelson-Ododa S.FOUL (P1.T1)&SeasonType=Regular Season&LeagueID=10,Nelson-Ododa S.FOUL (P1.T1),1,8:48,,,,,https://videos.nba.com/wnba/pbp/media/2025/06/17/1022500071/18/535ea8e6-554a-d3e3-bdc9-aae69c4ad7e7_1280x720.mp4,
11,,,1,8:48,0 - 1,,https://stats.wnba.com/events/?flag=1&GameID=1022500071&GameEventID=20&Season=2025&title=Howard Free Throw 1 of 2 (1 PTS)&SeasonType=Regular Season&LeagueID=10,Howard Free Throw 1 of 2 (1 PTS),,https://videos.nba.com/wnba/pbp/media/2025/06/17/1022500071/20/18fefa03-6e94-4b2d-055f-bbafe22cd7be_1280x720.mp4
12,,,1,8:48,0 - 2,,https://stats.wnba.com/events/?flag=1&GameID=1022500071&GameEventID=21&Season=2025&title=Howard Free Throw 2 of 2 (2 PTS)&SeasonType=Regular Season&LeagueID=10,Howard Free Throw 2 of 2 (2 PTS),,https://videos.nba.com/wnba/pbp/media/2025/06/17/1022500071/21/b58ee97b-45b5-6afc-29f8-bcf13521f40b_1280x720.mp4
13,https://stats.wnba.com/events/?flag=1&GameID=1022500071&GameEventID=22&Season=2025&title=Nelson-Ododa 2' Cutting Layup Shot (2 PTS) (Charles 1 AST)&SeasonType=Regular Season&LeagueID=10,Nelson-Ododa 2' Cutting Layup Shot (2 PTS) (Charles 1 AST),1,8:33,2 - 2,,,,https://videos.nba.com/wnba/pbp/media/2025/06/17/1022500071/22/70f5197b-3d32-1f32-d9d7-ce0483ca0d74_1280x720.mp4,
14,https://stats.wnba.com/events/?flag=1&GameID=1022500071&GameEventID=24&Season=2025&title=Charles P.FOUL (P1.T2)&SeasonType=Regular Season&LeagueID=10,Charles P.FOUL (P1.T2),1,8:22,,,,,https://videos.nba.com/wnba/pbp/media/2025/06/17/1022500071/24/0c650400-e35d-2af4-18a5-cc32949cc35c_1280x720.mp4,
15,,,1,8:14,,,https://stats.wnba.com/events/?flag=1&GameID=1022500071&GameEventID=26&Season=2025&title=MISS Boston Driving Layup&SeasonType=Regular Season&LeagueID=10,MISS Boston Driving Layup,,https://videos.nba.com/wnba/pbp/media/2025/06/17/1022500071/26/b058524f-3d3a-af7b-c877-cfaeabc12a55_1280x720.mp4
16,https://stats.wnba.com/events/?flag=1&GameID=1022500071&GameEventID=27&Season=2025&title=Nelson-Ododa REBOUND (Off:1 Def:1)&SeasonType=Regular Season&LeagueID=10,Nelson-Ododa REBOUND (Off:1 Def:1),1,8:11,,,,,https://videos.nba.com/wnba/pbp/media/2025/06/17/1022500071/27/37de5e11-e5fc-4211-0d25-47370b5e0fa8_1280x720.mp4,
17,https://stats.wnba.com/events/?flag=1&GameID=1022500071&GameEventID=28&Season=2025&title=Mabrey Lost Ball Turnover (P1.T1)&SeasonType=Regular Season&LeagueID=10,Mabrey Lost Ball Turnover (P1.T1),1,8:03,,,https://stats.wnba.com/events/?flag=1&GameID=1022500071&GameEventID=28&Season=2025&title=Boston STEAL (1 STL)&SeasonType=Regular Season&LeagueID=10,Boston STEAL (1 STL),https://videos.nba.com/wnba/pbp/media/2025/06/17/1022500071/28/58886fc6-d6e4-322c-4f62-c3e1f1e18d5c_1280x720.mp4,https://videos.nba.com/wnba/pbp/media/2025/06/17/1022500071/28/58886fc6-d6e4-322c-4f62-c3e1f1e18d5c_1280x720.mp4
18,,,1,7:59,2 - 4,,https://stats.wnba.com/events/?flag=1&GameID=1022500071&GameEventID=30&Season=2025&title=Howard 1' Running Layup (4 PTS) (Boston 1 AST)&SeasonType=Regular Season&LeagueID=10,Howard 1' Running Layup (4 PTS) (Boston 1 AST),,https://videos.nba.com/wnba/pbp/media/2025/06/17/1022500071/30/9c7ce5f1-4b14-3bd2-5662-5a15dceaf51b_1280x720.mp4
19,https://stats.wnba.com/events/?flag=1&GameID=1022500071&GameEventID=32&Season=2025&title=Sheldon 2' Cutting Layup Shot (2 PTS) (Charles 2 AST)&SeasonType=Regular Season&LeagueID=10,Sheldon 2' Cutting Layup Shot (2 PTS) (Charles 2 AST),1,7:49,4 - 4,,,,https://videos.nba.com/wnba/pbp/media/2025/06/17/1022500071/32/c07060b4-58b5-9bbf-306a-fc6670ec17ba_1280x720.mp4,
20,https://stats.wnba.com/events/?flag=1&GameID=1022500071&GameEventID=34&Season=2025&title=Nelson-Ododa P.FOUL (P2.T3)&SeasonType=Regular Season&LeagueID=10,Nelson-Ododa P.FOUL (P2.T3),1,7:43,,,,,https://videos.nba.com/wnba/pbp/media/2025/06/17/1022500071/34/5f1dd052-1680-087d-1ca9-dc9e638a3d11_1280x720.mp4,
21,,,1,7:43,,,,,,
22,,,1,7:39,,,https://stats.wnba.com/events/?flag=1&GameID=1022500071&GameEventID=38&Season=2025&title=MISS Hull 24' 3PT Jump Shot&SeasonType=Regular Season&LeagueID=10,MISS Hull 24' 3PT Jump Shot,,https://videos.nba.com/wnba/pbp/media/2025/06/17/1022500071/38/fdb17c9b-6911-5a03-0620-0b454b186307_1280x720.mp4
23,,,1,7:35,,,https://stats.wnba.com/events/?flag=1&GameID=1022500071&GameEventID=39&Season=2025&title=Howard REBOUND (Off:1 Def:0)&SeasonType=Regular Season&LeagueID=10,Howard REBOUND (Off:1 Def:0),,https://videos.nba.com/wnba/pbp/media/2025/06/17/1022500071/39/6654ab2c-fab3-d4ee-3a08-fe2ea6e2a53a_1280x720.mp4
24,,,1,7:29,4 - 6,,https://stats.wnba.com/events/?flag=1&GameID=1022500071&GameEventID=40&Season=2025&title=Boston 1' Layup (2 PTS)&SeasonType=Regular Season&LeagueID=10,Boston 1' Layup (2 PTS),,https://videos.nba.com/wnba/pbp/media/2025/06/17/1022500071/40/461394c2-5294-1b9d-fdcd-30fccdd3c3fc_1280x720.mp4
25,https://stats.wnba.com/events/?flag=1&GameID=1022500071&GameEventID=42&Season=2025&title=MISS Mabrey 1' Driving Floating Bank Jump Shot&SeasonType=Regular Season&LeagueID=10,MISS Mabrey 1' Driving Floating Bank Jump Shot,1,7:13,,,,,https://videos.nba.com/wnba/pbp/media/2025/06/17/1022500071/42/00d359f3-28f0-df6f-f927-11ad983e2a59_1280x720.mp4,
26,,,1,7:11,,,https://stats.wnba.com/events/?flag=1&GameID=1022500071&GameEventID=43&Season=2025&title=Hull REBOUND (Off:0 Def:1)&SeasonType=Regular Season&LeagueID=10,Hull REBOUND (Off:0 Def:1),,https://videos.nba.com/wnba/pbp/media/2025/06/17/1022500071/43/9fe6cd7a-936c-aae4-926a-460cf25208e5_1280x720.mp4
27,,,1,7:03,4 - 9,,https://stats.wnba.com/events/?flag=1&GameID=1022500071&GameEventID=44&Season=2025&title=Hull 3PT Jump Shot (3 PTS) (Mitchell 1 AST)&SeasonType=Regular Season&LeagueID=10,Hull 3PT Jump Shot (3 PTS) (Mitchell 1 AST),,https://videos.nba.com/wnba/pbp/media/2025/06/17/1022500071/44/63eafe66-8107-5b4d-a8db-38a3e819b1b5_1280x720.mp4
28,,,1,6:51,,,https://stats.wnba.com/events/?flag=1&GameID=1022500071&GameEventID=46&Season=2025&title=Boston S.FOUL (P1.T1)&SeasonType=Regular Season&LeagueID=10,Boston S.FOUL (P1.T1),,https://videos.nba.com/wnba/pbp/media/2025/06/17/1022500071/46/647f235c-37eb-7b4e-b016-f069709800ad_1280x720.mp4
29,https://stats.wnba.com/events/?flag=1&GameID=1022500071&GameEventID=48&Season=2025&title=Charles Free Throw 1 of 2 (1 PTS)&SeasonType=Regular Season&LeagueID=10,Charles Free Throw 1 of 2 (1 PTS),1,6:51,5 - 9,,,,https://videos.nba.com/wnba/pbp/media/2025/06/17/1022500071/48/52f7d044-a898-84db-850e-bf397f733991_1280x720.mp4,
30,,,1,6:51,,,,,,
31,https://stats.wnba.com/events/?flag=1&GameID=1022500071&GameEventID=51&Season=2025&title=Charles Free Throw 2 of 2 (2 PTS)&SeasonType=Regular Season&LeagueID=10,Charles Free Throw 2 of 2 (2 PTS),1,6:51,6 - 9,,,,https://videos.nba.com/wnba/pbp/media/2025/06/17/1022500071/51/08928ccf-c3f8-97dd-9b62-aac266f3a21a_1280x720.mp4,
32,,,1,6:39,6 - 12,,https://stats.wnba.com/events/?flag=1&GameID=1022500071&GameEventID=52&Season=2025&title=Clark 27' 3PT Jump Shot (3 PTS) (Boston 2 AST)&SeasonType=Regular Season&LeagueID=10,Clark 27' 3PT Jump Shot (3 PTS) (Boston 2 AST),,https://videos.nba.com/wnba/pbp/media/2025/06/17/1022500071/52/ad716b8c-a6a5-67dd-73e6-d1b5363a52a7_1280x720.mp4
33,https://stats.wnba.com/events/?flag=1&GameID=1022500071&GameEventID=54&Season=2025&title=MISS Charles 7' Hook Shot&SeasonType=Regular Season&LeagueID=10,MISS Charles 7' Hook Shot,1,6:22,,,,,https://videos.nba.com/wnba/pbp/media/2025/06/17/1022500071/54/d3ea6a57-49e3-670a-39f0-bd6c1a565dd5_1280x720.mp4,
34,,,1,6:21,,,https://stats.wnba.com/events/?flag=1&GameID=1022500071&GameEventID=55&Season=2025&title=Howard REBOUND (Off:1 Def:1)&SeasonType=Regular Season&LeagueID=10,Howard REBOUND (Off:1 Def:1),,https://videos.nba.com/wnba/pbp/media/2025/06/17/1022500071/55/2c2c5ef4-0808-1eec-cda5-9de5fde0a331_1280x720.mp4
35,,,1,6:02,,,https://stats.wnba.com/events/?flag=1&GameID=1022500071&GameEventID=56&Season=2025&title=MISS Boston 4' Cutting Layup Shot&SeasonType=Regular Season&LeagueID=10,MISS Boston 4' Cutting Layup Shot,,https://videos.nba.com/wnba/pbp/media/2025/06/17/1022500071/56/2271158c-6918-f29e-0655-1d8a80aa470a_1280x720.mp4
36,https://stats.wnba.com/events/?flag=1&GameID=1022500071&GameEventID=57&Season=2025&title=Sun Rebound&SeasonType=Regular Season&LeagueID=10,Sun Rebound,1,6:01,,,,,https://videos.nba.com/wnba/pbp/media/2025/06/17/1022500071/57/922c8877-4139-981c-1fa7-77b0b3dadb92_1280x720.mp4,
37,https://stats.wnba.com/events/?flag=1&GameID=1022500071&GameEventID=59&Season=2025&title=Charles 8' Hook Shot (4 PTS) (Sheldon 1 AST)&SeasonType=Regular Season&LeagueID=10,Charles 8' Hook Shot (4 PTS) (Sheldon 1 AST),1,5:46,8 - 12,,,,https://videos.nba.com/wnba/pbp/media/2025/06/17/1022500071/59/509c9cf5-f04a-8c9c-1e53-648f1ec899ca_1280x720.mp4,
38,https://stats.wnba.com/events/?flag=1&GameID=1022500071&GameEventID=61&Season=2025&title=Sheldon P.FOUL (P1.T4)&SeasonType=Regular Season&LeagueID=10,Sheldon P.FOUL (P1.T4),1,5:37,,,,,https://videos.nba.com/wnba/pbp/media/2025/06/17/1022500071/61/c4a0c441-33ac-cfe5-39b0-129607e5c08e_1280x720.mp4,
39,,,1,5:32,8 - 14,,https://stats.wnba.com/events/?flag=1&GameID=1022500071&GameEventID=63&Season=2025&title=Mitchell 1' Driving Layup (2 PTS) (Clark 1 AST)&SeasonType=Regular Season&LeagueID=10,Mitchell 1' Driving Layup (2 PTS) (Clark 1 AST),,https://videos.nba.com/wnba/pbp/media/2025/06/17/1022500071/63/74b58b7f-d98c-781c-b806-e81044addb5c_1280x720.mp4
40,https://stats.wnba.com/events/?flag=1&GameID=1022500071&GameEventID=65&Season=2025&title=Charles 7' Hook Shot (6 PTS) (Peters 1 AST)&SeasonType=Regular Season&LeagueID=10,Charles 7' Hook Shot (6 PTS) (Peters 1 AST),1,5:15,10 - 14,,,,https://videos.nba.com/wnba/pbp/media/2025/06/17/1022500071/65/fa91017c-39b9-2b32-a2eb-25c7d0d28b47_1280x720.mp4,
41,https://stats.wnba.com/events/?flag=1&GameID=1022500071&GameEventID=67&Season=2025&title=Peters S.FOUL (P1.PN)&SeasonType=Regular Season&LeagueID=10,Peters S.FOUL (P1.PN),1,5:02,,,,,https://videos.nba.com/wnba/pbp/media/2025/06/17/1022500071/67/2497d484-9de0-d0d0-9a40-106bafd539cc_1280x720.mp4,
42,,,1,5:02,10 - 15,,https://stats.wnba.com/events/?flag=1&GameID=1022500071&GameEventID=69&Season=2025&title=Howard Free Throw 1 of 2 (5 PTS)&SeasonType=Regular Season&LeagueID=10,Howard Free Throw 1 of 2 (5 PTS),,https://videos.nba.com/wnba/pbp/media/2025/06/17/1022500071/69/e6f79c92-9ac5-e278-bc78-890d56eee3d4_1280x720.mp4
43,,,1,5:02,,,,,,
44,,,1,5:02,,,,,,
45,,,1,5:02,,,,,,
46,,,1,5:02,10 - 16,,https://stats.wnba.com/events/?flag=1&GameID=1022500071&GameEventID=76&Season=2025&title=Howard Free Throw 2 of 2 (6 PTS)&SeasonType=Regular Season&LeagueID=10,Howard Free Throw 2 of 2 (6 PTS),,https://videos.nba.com/wnba/pbp/media/2025/06/17/1022500071/76/197c4c93-2e69-de2f-1046-655696251a74_1280x720.mp4
47,https://stats.wnba.com/events/?flag=1&GameID=1022500071&GameEventID=77&Season=2025&title=Mabrey 18' Turnaround Jump Shot (2 PTS) (Charles 3 AST)&SeasonType=Regular Season&LeagueID=10,Mabrey 18' Turnaround Jump Shot (2 PTS) (Charles 3 AST),1,4:48,12 - 16,,,,https://videos.nba.com/wnba/pbp/media/2025/06/17/1022500071/77/588c1c6a-0ccf-9425-2f97-1a47d9a4a758_1280x720.mp4,
48,,,1,4:43,,,https://stats.wnba.com/events/?flag=1&GameID=1022500071&GameEventID=79&Season=2025&title=Cunningham OFF.Foul (P1)&SeasonType=Regular Season&LeagueID=10,Cunningham OFF.Foul (P1),,https://videos.nba.com/wnba/pbp/media/2025/06/17/1022500071/79/790da6a3-704a-592d-be7f-ae9ae90d586e_1280x720.mp4
49,,,1,4:43,,,https://stats.wnba.com/events/?flag=1&GameID=1022500071&GameEventID=81&Season=2025&title=Cunningham Offensive Foul Turnover (P1.T2)&SeasonType=Regular Season&LeagueID=10,Cunningham Offensive Foul Turnover (P1.T2),,https://videos.nba.com/wnba/pbp/media/2025/06/17/1022500071/81/7fdd6d3a-eefa-e90c-97c5-d8b683cf145f_1280x720.mp4
50,,,1,4:43,,Timeout: Official,,,,
51,https://stats.wnba.com/events/?flag=1&GameID=1022500071&GameEventID=83&Season=2025&title=MISS Charles 6' Turnaround Hook Shot&SeasonType=Regular Season&LeagueID=10,MISS Charles 6' Turnaround Hook Shot,1,4:28,,,,,https://videos.nba.com/wnba/pbp/media/2025/06/17/1022500071/83/0fb17baa-40e5-876a-0a9a-93c1d9a2ebfd_1280x720.mp4,
52,,,1,4:24,,,https://stats.wnba.com/events/?flag=1&GameID=1022500071&GameEventID=84&Season=2025&title=Cunningham REBOUND (Off:0 Def:1)&SeasonType=Regular Season&LeagueID=10,Cunningham REBOUND (Off:0 Def:1),,https://videos.nba.com/wnba/pbp/media/2025/06/17/1022500071/84/f5e28386-ee8b-7976-2a18-78d5375a6f50_1280x720.mp4
53,,,1,4:14,,,https://stats.wnba.com/events/?flag=1&GameID=1022500071&GameEventID=85&Season=2025&title=MISS Cunningham 25' 3PT Jump Shot&SeasonType=Regular Season&LeagueID=10,MISS Cunningham 25' 3PT Jump Shot,,https://videos.nba.com/wnba/pbp/media/2025/06/17/1022500071/85/69942ea6-4080-3ba2-105d-e7e57c0db156_1280x720.mp4
54,https://stats.wnba.com/events/?flag=1&GameID=1022500071&GameEventID=86&Season=2025&title=Mabrey REBOUND (Off:0 Def:1)&SeasonType=Regular Season&LeagueID=10,Mabrey REBOUND (Off:0 Def:1),1,4:12,,,,,https://videos.nba.com/wnba/pbp/media/2025/06/17/1022500071/86/02b91dc6-1eec-b0ec-8dd8-f9c228d36ccf_1280x720.mp4,
55,,,1,4:07,,,https://stats.wnba.com/events/?flag=1&GameID=1022500071&GameEventID=87&Season=2025&title=Cunningham P.FOUL (P2.T2)&SeasonType=Regular Season&LeagueID=10,Cunningham P.FOUL (P2.T2),,https://videos.nba.com/wnba/pbp/media/2025/06/17/1022500071/87/873481c9-f363-5118-4e6a-1b8109db1fed_1280x720.mp4
56,https://stats.wnba.com/events/?flag=1&GameID=1022500071&GameEventID=89&Season=2025&title=MISS Mabrey 29' 3PT Jump Shot&SeasonType=Regular Season&LeagueID=10,MISS Mabrey 29' 3PT Jump Shot,1,4:03,,,,,https://videos.nba.com/wnba/pbp/media/2025/06/17/1022500071/89/0dce9047-071f-86ce-5f81-f0668e13ea2b_1280x720.mp4,
57,,,1,4:00,,,https://stats.wnba.com/events/?flag=1&GameID=1022500071&GameEventID=90&Season=2025&title=Cunningham REBOUND (Off:0 Def:2)&SeasonType=Regular Season&LeagueID=10,Cunningham REBOUND (Off:0 Def:2),,https://videos.nba.com/wnba/pbp/media/2025/06/17/1022500071/90/404c6667-21a1-a954-0f8e-71ddca02028c_1280x720.mp4
58,,,1,3:48,,,https://stats.wnba.com/events/?flag=1&GameID=1022500071&GameEventID=91&Season=2025&title=MISS Hull 2' Driving Finger Roll Layup&SeasonType=Regular Season&LeagueID=10,MISS Hull 2' Driving Finger Roll Layup,,https://videos.nba.com/wnba/pbp/media/2025/06/17/1022500071/91/e35f485c-a19b-4ce4-ca27-105f3a277e25_1280x720.mp4
59,,,1,3:44,,,https://stats.wnba.com/events/?flag=1&GameID=1022500071&GameEventID=93&Season=2025&title=MISS Howard 1' Tip Layup Shot&SeasonType=Regular Season&LeagueID=10,MISS Howard 1' Tip Layup Shot,,https://videos.nba.com/wnba/pbp/media/2025/06/17/1022500071/93/d3ee088f-f4a8-bb84-45d3-0d7e7c387a35_1280x720.mp4
60,,,1,3:44,,,https://stats.wnba.com/events/?flag=1&GameID=1022500071&GameEventID=92&Season=2025&title=Howard REBOUND (Off:2 Def:1)&SeasonType=Regular Season&LeagueID=10,Howard REBOUND (Off:2 Def:1),,https://videos.nba.com/wnba/pbp/media/2025/06/17/1022500071/92/72f926f8-08d5-505e-d35a-b60e855153b8_1280x720.mp4
61,https://stats.wnba.com/events/?flag=1&GameID=1022500071&GameEventID=94&Season=2025&title=Peters REBOUND (Off:0 Def:1)&SeasonType=Regular Season&LeagueID=10,Peters REBOUND (Off:0 Def:1),1,3:43,,,,,https://videos.nba.com/wnba/pbp/media/2025/06/17/1022500071/94/dc1df8ba-35bb-7528-bff5-c9b92c2dcdb1_1280x720.mp4,
62,https://stats.wnba.com/events/?flag=1&GameID=1022500071&GameEventID=95&Season=2025&title=Charles Reverse Layup (8 PTS) (Allen 1 AST)&SeasonType=Regular Season&LeagueID=10,Charles Reverse Layup (8 PTS) (Allen 1 AST),1,3:35,14 - 16,,,,https://videos.nba.com/wnba/pbp/media/2025/06/17/1022500071/95/8ed1c062-7e21-bae8-3826-b3694aacf6ea_1280x720.mp4,
63,,,1,3:28,14 - 18,,https://stats.wnba.com/events/?flag=1&GameID=1022500071&GameEventID=97&Season=2025&title=Mitchell 1' Running Layup (4 PTS) (Colson 1 AST)&SeasonType=Regular Season&LeagueID=10,Mitchell 1' Running Layup (4 PTS) (Colson 1 AST),,https://videos.nba.com/wnba/pbp/media/2025/06/17/1022500071/97/fe0788cb-c18d-a04f-8419-d727ac8dee6f_1280x720.mp4
64,https://stats.wnba.com/events/?flag=1&GameID=1022500071&GameEventID=99&Season=2025&title=Peters 1' Cutting Layup Shot (2 PTS) (Rivers 1 AST)&SeasonType=Regular Season&LeagueID=10,Peters 1' Cutting Layup Shot (2 PTS) (Rivers 1 AST),1,3:15,16 - 18,,,,https://videos.nba.com/wnba/pbp/media/2025/06/17/1022500071/99/32a7a2df-8fbc-51eb-fce8-d33c7bd6d2e7_1280x720.mp4,
65,,,1,2:51,,,https://stats.wnba.com/events/?flag=1&GameID=1022500071&GameEventID=101&Season=2025&title=MISS Howard 2' Driving Layup&SeasonType=Regular Season&LeagueID=10,MISS Howard 2' Driving Layup,,https://videos.nba.com/wnba/pbp/media/2025/06/17/1022500071/101/3925f386-a4e7-ffcf-96c4-b00091764580_1280x720.mp4
66,https://stats.wnba.com/events/?flag=1&GameID=1022500071&GameEventID=102&Season=2025&title=Rivers REBOUND (Off:0 Def:1)&SeasonType=Regular Season&LeagueID=10,Rivers REBOUND (Off:0 Def:1),1,2:50,,,,,https://videos.nba.com/wnba/pbp/media/2025/06/17/1022500071/102/e8031fdc-d099-4e87-0bb9-9edad135d189_1280x720.mp4,
67,,,1,2:43,,,https://stats.wnba.com/events/?flag=1&GameID=1022500071&GameEventID=103&Season=2025&title=Howard S.FOUL (P1.T3)&SeasonType=Regular Season&LeagueID=10,Howard S.FOUL (P1.T3),,https://videos.nba.com/wnba/pbp/media/2025/06/17/1022500071/103/d00a7e5f-fa39-c1bc-07a9-e3e9b3fe423f_1280x720.mp4
68,https://stats.wnba.com/events/?flag=1&GameID=1022500071&GameEventID=105&Season=2025&title=Charles Free Throw 1 of 2 (9 PTS)&SeasonType=Regular Season&LeagueID=10,Charles Free Throw 1 of 2 (9 PTS),1,2:43,17 - 18,,,,https://videos.nba.com/wnba/pbp/media/2025/06/17/1022500071/105/402d6aeb-62b9-e74a-c0f7-684e83c7ef49_1280x720.mp4,
69,,,1,2:43,,,,,,
70,,,1,2:43,,,,,,
71,,,1,2:43,,,,,,
72,https://stats.wnba.com/events/?flag=1&GameID=1022500071&GameEventID=112&Season=2025&title=Charles Free Throw 2 of 2 (10 PTS)&SeasonType=Regular Season&LeagueID=10,Charles Free Throw 2 of 2 (10 PTS),1,2:43,18 - 18,,,,https://videos.nba.com/wnba/pbp/media/2025/06/17/1022500071/112/06983264-85d5-4dfc-6daf-2bb75b03689e_1280x720.mp4,
73,,,1,2:23,,,https://stats.wnba.com/events/?flag=1&GameID=1022500071&GameEventID=113&Season=2025&title=MISS Clark 15' Driving Floating Jump Shot&SeasonType=Regular Season&LeagueID=10,MISS Clark 15' Driving Floating Jump Shot,,https://videos.nba.com/wnba/pbp/media/2025/06/17/1022500071/113/8ef4cc6e-2815-a99b-f3b5-83c1d0818be6_1280x720.mp4
74,,,1,2:20,,,https://stats.wnba.com/events/?flag=1&GameID=1022500071&GameEventID=114&Season=2025&title=Howard REBOUND (Off:3 Def:1)&SeasonType=Regular Season&LeagueID=10,Howard REBOUND (Off:3 Def:1),,https://videos.nba.com/wnba/pbp/media/2025/06/17/1022500071/114/4fd98748-8b7d-c3be-39d1-1fcd8e670869_1280x720.mp4
75,,,1,2:20,18 - 20,,https://stats.wnba.com/events/?flag=1&GameID=1022500071&GameEventID=115&Season=2025&title=Howard Putback Layup (8 PTS)&SeasonType=Regular Season&LeagueID=10,Howard Putback Layup (8 PTS),,https://videos.nba.com/wnba/pbp/media/2025/06/17/1022500071/115/c61be35b-379b-689e-5e16-03b38d66e11c_1280x720.mp4
76,,,1,2:01,,,https://stats.wnba.com/events/?flag=1&GameID=1022500071&GameEventID=116&Season=2025&title=Howard P.FOUL (P2.T4)&SeasonType=Regular Season&LeagueID=10,Howard P.FOUL (P2.T4),,https://videos.nba.com/wnba/pbp/media/2025/06/17/1022500071/116/76a2dbe2-4b3a-0ef3-13dd-254549b7db46_1280x720.mp4
77,https://stats.wnba.com/events/?flag=1&GameID=1022500071&GameEventID=118&Season=2025&title=MISS Mabrey 29' 3PT Jump Shot&SeasonType=Regular Season&LeagueID=10,MISS Mabrey 29' 3PT Jump Shot,1,1:57,,,,,https://videos.nba.com/wnba/pbp/media/2025/06/17/1022500071/118/b51f317d-9167-f648-7044-8c807b7eedc2_1280x720.mp4,
78,,,1,1:54,,,https://stats.wnba.com/events/?flag=1&GameID=1022500071&GameEventID=119&Season=2025&title=Howard REBOUND (Off:3 Def:2)&SeasonType=Regular Season&LeagueID=10,Howard REBOUND (Off:3 Def:2),,https://videos.nba.com/wnba/pbp/media/2025/06/17/1022500071/119/34e32a83-d784-cdb6-93ce-ccdc83b9b161_1280x720.mp4
79,,,1,1:40,18 - 22,,https://stats.wnba.com/events/?flag=1&GameID=1022500071&GameEventID=120&Season=2025&title=Howard 2' Layup (10 PTS) (Boston 3 AST)&SeasonType=Regular Season&LeagueID=10,Howard 2' Layup (10 PTS) (Boston 3 AST),,https://videos.nba.com/wnba/pbp/media/2025/06/17/1022500071/120/cd1b6b56-d3a1-a316-c62d-2d18366f22fc_1280x720.mp4
80,https://stats.wnba.com/events/?flag=1&GameID=1022500071&GameEventID=122&Season=2025&title=MISS Rivers 25' 3PT Jump Shot&SeasonType=Regular Season&LeagueID=10,MISS Rivers 25' 3PT Jump Shot,1,1:22,,,,,https://videos.nba.com/wnba/pbp/media/2025/06/17/1022500071/122/5bb46603-db34-82fa-45a6-969fe4ffb2e2_1280x720.mp4,
81,,,1,1:19,,,https://stats.wnba.com/events/?flag=1&GameID=1022500071&GameEventID=123&Season=2025&title=Howard REBOUND (Off:3 Def:3)&SeasonType=Regular Season&LeagueID=10,Howard REBOUND (Off:3 Def:3),,https://videos.nba.com/wnba/pbp/media/2025/06/17/1022500071/123/50fe5fa4-2c80-eda9-6394-fdb9c8f84565_1280x720.mp4
82,,,1,1:12,18 - 24,,https://stats.wnba.com/events/?flag=1&GameID=1022500071&GameEventID=124&Season=2025&title=Boston 1' Layup (4 PTS) (Clark 2 AST)&SeasonType=Regular Season&LeagueID=10,Boston 1' Layup (4 PTS) (Clark 2 AST),,https://videos.nba.com/wnba/pbp/media/2025/06/17/1022500071/124/ff598fbc-d80f-dd60-9fcd-71ea86bfe48a_1280x720.mp4
83,,Boston 1' Layup (4 PTS) (Clark 2 AST),1,1:11,,,,,,
84,,,1,1:11,,,,,,
85,,,1,1:11,,,,,,
86,,,1,1:11,,,,,,
87,https://stats.wnba.com/events/?flag=1&GameID=1022500071&GameEventID=133&Season=2025&title=MISS Charles 2' Driving Finger Roll Layup&SeasonType=Regular Season&LeagueID=10,MISS Charles 2' Driving Finger Roll Layup,1,0:56,,,,,https://videos.nba.com/wnba/pbp/media/2025/06/17/1022500071/133/20cfa46d-327c-80a6-62a9-79c571bf7006_1280x720.mp4,
88,,,1,0:54,,,https://stats.wnba.com/events/?flag=1&GameID=1022500071&GameEventID=134&Season=2025&title=Dantas REBOUND (Off:0 Def:1)&SeasonType=Regular Season&LeagueID=10,Dantas REBOUND (Off:0 Def:1),,https://videos.nba.com/wnba/pbp/media/2025/06/17/1022500071/134/0f51c054-58e7-9ed9-47d0-04be709e2cc2_1280x720.mp4
89,https://stats.wnba.com/events/?flag=1&GameID=1022500071&GameEventID=136&Season=2025&title=Mabrey STEAL (1 STL)&SeasonType=Regular Season&LeagueID=10,Mabrey STEAL (1 STL),1,0:43,,,https://stats.wnba.com/events/?flag=1&GameID=1022500071&GameEventID=136&Season=2025&title=Dantas Bad Pass Turnover (P1.T3)&SeasonType=Regular Season&LeagueID=10,Dantas Bad Pass Turnover (P1.T3),https://videos.nba.com/wnba/pbp/media/2025/06/17/1022500071/136/9a68cbd4-7fb8-893f-418d-a0240f9ee0ab_1280x720.mp4,https://videos.nba.com/wnba/pbp/media/2025/06/17/1022500071/136/9a68cbd4-7fb8-893f-418d-a0240f9ee0ab_1280x720.mp4
90,,,1,0:43,,,https://stats.wnba.com/events/?flag=1&GameID=1022500071&GameEventID=138&Season=2025&title=Colson P.FOUL (P1.PN)&SeasonType=Regular Season&LeagueID=10,Colson P.FOUL (P1.PN),,https://videos.nba.com/wnba/pbp/media/2025/06/17/1022500071/138/1ce22a57-3700-c4f4-e957-a6758a4a943b_1280x720.mp4
91,https://stats.wnba.com/events/?flag=1&GameID=1022500071&GameEventID=140&Season=2025&title=Mabrey Free Throw 1 of 2 (3 PTS)&SeasonType=Regular Season&LeagueID=10,Mabrey Free Throw 1 of 2 (3 PTS),1,0:43,19 - 24,,,,https://videos.nba.com/wnba/pbp/media/2025/06/17/1022500071/140/9b6cedb0-2d0d-d4c9-747e-77106512f679_1280x720.mp4,
92,https://stats.wnba.com/events/?flag=1&GameID=1022500071&GameEventID=141&Season=2025&title=Mabrey Free Throw 2 of 2 (4 PTS)&SeasonType=Regular Season&LeagueID=10,Mabrey Free Throw 2 of 2 (4 PTS),1,0:43,20 - 24,,,,https://videos.nba.com/wnba/pbp/media/2025/06/17/1022500071/141/7ae25d33-7c49-8acc-9466-b4eefb66e025_1280x720.mp4,
93,,,1,0:28,,,https://stats.wnba.com/events/?flag=1&GameID=1022500071&GameEventID=142&Season=2025&title=Jump Ball Boston vs. Peters: Tip to Dantas&SeasonType=Regular Season&LeagueID=10,Jump Ball Boston vs. Peters: Tip to Dantas,,https://videos.nba.com/wnba/pbp/media/2025/06/17/1022500071/142/96d3f986-fc68-bf72-9035-e79f333f785f_1280x720.mp4
94,,,1,0:19,,,https://stats.wnba.com/events/?flag=1&GameID=1022500071&GameEventID=145&Season=2025&title=MISS Mitchell 25' 3PT Jump Shot&SeasonType=Regular Season&LeagueID=10,MISS Mitchell 25' 3PT Jump Shot,,https://videos.nba.com/wnba/pbp/media/2025/06/17/1022500071/145/f0883d48-4be3-fb99-20fa-c077bf02c658_1280x720.mp4
95,https://stats.wnba.com/events/?flag=1&GameID=1022500071&GameEventID=146&Season=2025&title=Sun Rebound&SeasonType=Regular Season&LeagueID=10,Sun Rebound,1,0:16,,,,,https://videos.nba.com/wnba/pbp/media/2025/06/17/1022500071/146/fc2385ba-a094-7256-5b4b-1103a7cfaff7_1280x720.mp4,
96,https://stats.wnba.com/events/?flag=1&GameID=1022500071&GameEventID=148&Season=2025&title=Brown 28' 3PT Pullup Jump Shot (3 PTS)&SeasonType=Regular Season&LeagueID=10,Brown 28' 3PT Pullup Jump Shot (3 PTS),1,0:03,23 - 24,,,,https://videos.nba.com/wnba/pbp/media/2025/06/17/1022500071/148/69f9bfa0-2e2c-7684-fa15-2d204b8b1823_1280x720.mp4,
97,,,1,0:00,,,https://stats.wnba.com/events/?flag=1&GameID=1022500071&GameEventID=149&Season=2025&title=MISS Colson 53' 3PT Pullup Jump Shot&SeasonType=Regular Season&LeagueID=10,MISS Colson 53' 3PT Pullup Jump Shot,,https://videos.nba.com/wnba/pbp/media/2025/06/17/1022500071/149/22e18c03-da36-dbb8-aaee-9be21ab9ecf5_1280x720.mp4
98,,,1,0:00,,,,,,
99,,,1,0:00,23 - 24,End of 1st Period (7:25 PM EST),,,,
100,https://stats.wnba.com/events/?flag=1&GameID=1022500071&GameEventID=157&Season=2025&title=Peters BLOCK (1 BLK)&SeasonType=Regular Season&LeagueID=10,Peters BLOCK (1 BLK),2,9:42,,,https://stats.wnba.com/events/?flag=1&GameID=1022500071&GameEventID=157&Season=2025&title=MISS Boston 1' Layup&SeasonType=Regular Season&LeagueID=10,MISS Boston 1' Layup,,
101,https://stats.wnba.com/events/?flag=1&GameID=1022500071&GameEventID=159&Season=2025&title=Mabrey REBOUND (Off:0 Def:2)&SeasonType=Regular Season&LeagueID=10,Mabrey REBOUND (Off:0 Def:2),2,9:38,,,,,,
102,https://stats.wnba.com/events/?flag=1&GameID=1022500071&GameEventID=160&Season=2025&title=MISS Nelson-Ododa 1' Driving Layup&SeasonType=Regular Season&LeagueID=10,MISS Nelson-Ododa 1' Driving Layup,2,9:31,,,,,,
103,,,2,9:29,,,https://stats.wnba.com/events/?flag=1&GameID=1022500071&GameEventID=161&Season=2025&title=Boston REBOUND (Off:0 Def:2)&SeasonType=Regular Season&LeagueID=10,Boston REBOUND (Off:0 Def:2),,
104,,,2,9:09,,,,,,
105,,,2,9:09,,,,,,
106,https://stats.wnba.com/events/?flag=1&GameID=1022500071&GameEventID=167&Season=2025&title=Peters Traveling Turnover (P1.T2)&SeasonType=Regular Season&LeagueID=10,Peters Traveling Turnover (P1.T2),2,9:04,,,,,,
107,,,2,8:40,23 - 26,,https://stats.wnba.com/events/?flag=1&GameID=1022500071&GameEventID=168&Season=2025&title=Mitchell 2' Layup (6 PTS)&SeasonType=Regular Season&LeagueID=10,Mitchell 2' Layup (6 PTS),,
108,,,2,8:29,,,https://stats.wnba.com/events/?flag=1&GameID=1022500071&GameEventID=169&Season=2025&title=Dantas S.FOUL (P1.T1)&SeasonType=Regular Season&LeagueID=10,Dantas S.FOUL (P1.T1),,
109,https://stats.wnba.com/events/?flag=1&GameID=1022500071&GameEventID=171&Season=2025&title=Nelson-Ododa Free Throw 1 of 2 (3 PTS)&SeasonType=Regular Season&LeagueID=10,Nelson-Ododa Free Throw 1 of 2 (3 PTS),2,8:29,24 - 26,,,,,
110,,,2,8:29,,,,,,
111,https://stats.wnba.com/events/?flag=1&GameID=1022500071&GameEventID=174&Season=2025&title=Nelson-Ododa Free Throw 2 of 2 (4 PTS)&SeasonType=Regular Season&LeagueID=10,Nelson-Ododa Free Throw 2 of 2 (4 PTS),2,8:29,25 - 26,,,,,
112,https://stats.wnba.com/events/?flag=1&GameID=1022500071&GameEventID=175&Season=2025&title=Brown STEAL (1 STL)&SeasonType=Regular Season&LeagueID=10,Brown STEAL (1 STL),2,8:14,,,https://stats.wnba.com/events/?flag=1&GameID=1022500071&GameEventID=175&Season=2025&title=Clark Bad Pass Turnover (P2.T5)&SeasonType=Regular Season&LeagueID=10,Clark Bad Pass Turnover (P2.T5),,
113,https://stats.wnba.com/events/?flag=1&GameID=1022500071&GameEventID=178&Season=2025&title=MISS Peters 25' 3PT Jump Shot&SeasonType=Regular Season&LeagueID=10,MISS Peters 25' 3PT Jump Shot,2,7:57,,,,,,
114,,,2,7:54,,,https://stats.wnba.com/events/?flag=1&GameID=1022500071&GameEventID=179&Season=2025&title=Boston REBOUND (Off:0 Def:3)&SeasonType=Regular Season&LeagueID=10,Boston REBOUND (Off:0 Def:3),,
115,,,2,7:43,25 - 28,,https://stats.wnba.com/events/?flag=1&GameID=1022500071&GameEventID=180&Season=2025&title=Boston 8' Pullup Jump Shot (6 PTS) (Clark 3 AST)&SeasonType=Regular Season&LeagueID=10,Boston 8' Pullup Jump Shot (6 PTS) (Clark 3 AST),,
116,https://stats.wnba.com/events/?flag=1&GameID=1022500071&GameEventID=182&Season=2025&title=MISS Mabrey 26' 3PT Pullup Jump Shot&SeasonType=Regular Season&LeagueID=10,MISS Mabrey 26' 3PT Pullup Jump Shot,2,7:28,,,,,,
117,,,2,7:25,,,https://stats.wnba.com/events/?flag=1&GameID=1022500071&GameEventID=183&Season=2025&title=Howard REBOUND (Off:3 Def:4)&SeasonType=Regular Season&LeagueID=10,Howard REBOUND (Off:3 Def:4),,
118,https://stats.wnba.com/events/?flag=1&GameID=1022500071&GameEventID=184&Season=2025&title=Sheldon STEAL (2 STL)&SeasonType=Regular Season&LeagueID=10,Sheldon STEAL (2 STL),2,7:19,,,https://stats.wnba.com/events/?flag=1&GameID=1022500071&GameEventID=184&Season=2025&title=Howard Bad Pass Turnover (P1.T6)&SeasonType=Regular Season&LeagueID=10,Howard Bad Pass Turnover (P1.T6),,
119,https://stats.wnba.com/events/?flag=1&GameID=1022500071&GameEventID=186&Season=2025&title=MISS Peters 25' 3PT Jump Shot&SeasonType=Regular Season&LeagueID=10,MISS Peters 25' 3PT Jump Shot,2,7:12,,,,,,
120,https://stats.wnba.com/events/?flag=1&GameID=1022500071&GameEventID=187&Season=2025&title=Nelson-Ododa REBOUND (Off:2 Def:1)&SeasonType=Regular Season&LeagueID=10,Nelson-Ododa REBOUND (Off:2 Def:1),2,7:09,,,,,,
121,https://stats.wnba.com/events/?flag=1&GameID=1022500071&GameEventID=188&Season=2025&title=Nelson-Ododa Putback Layup (6 PTS)&SeasonType=Regular Season&LeagueID=10,Nelson-Ododa Putback Layup (6 PTS),2,7:06,27 - 28,,,,,
122,https://stats.wnba.com/events/?flag=1&GameID=1022500071&GameEventID=189&Season=2025&title=Brown P.FOUL (P1.T1)&SeasonType=Regular Season&LeagueID=10,Brown P.FOUL (P1.T1),2,6:56,,,,,,
123,,,2,6:56,,,,,,
124,,,2,6:56,,,,,,
125,,,2,6:56,,,,,,
126,,,2,6:56,,,,,,
127,,,2,6:50,27 - 31,,https://stats.wnba.com/events/?flag=1&GameID=1022500071&GameEventID=199&Season=2025&title=Clark 28' 3PT Pullup Jump Shot (6 PTS)&SeasonType=Regular Season&LeagueID=10,Clark 28' 3PT Pullup Jump Shot (6 PTS),,
128,https://stats.wnba.com/events/?flag=1&GameID=1022500071&GameEventID=200&Season=2025&title=Charles Lost Ball Turnover (P1.T3)&SeasonType=Regular Season&LeagueID=10,Charles Lost Ball Turnover (P1.T3),2,6:38,,,,,,
129,https://stats.wnba.com/events/?flag=1&GameID=1022500071&GameEventID=201&Season=2025&title=Brown L.B.FOUL (P2.T2)&SeasonType=Regular Season&LeagueID=10,Brown L.B.FOUL (P2.T2),2,6:38,,,,,,
130,,,2,6:24,,,https://stats.wnba.com/events/?flag=1&GameID=1022500071&GameEventID=203&Season=2025&title=MISS Mitchell 3PT Jump Shot&SeasonType=Regular Season&LeagueID=10,MISS Mitchell 3PT Jump Shot,,
131,https://stats.wnba.com/events/?flag=1&GameID=1022500071&GameEventID=204&Season=2025&title=Charles REBOUND (Off:0 Def:1)&SeasonType=Regular Season&LeagueID=10,Charles REBOUND (Off:0 Def:1),2,6:21,,,,,,
132,,,2,6:12,,,https://stats.wnba.com/events/?flag=1&GameID=1022500071&GameEventID=205&Season=2025&title=Howard P.FOUL (P3.T2)&SeasonType=Regular Season&LeagueID=10,Howard P.FOUL (P3.T2),,
133,,,2,6:12,,,,,,
134,https://stats.wnba.com/events/?flag=1&GameID=1022500071&GameEventID=209&Season=2025&title=Hartley 16' Pullup Jump Shot (2 PTS)&SeasonType=Regular Season&LeagueID=10,Hartley 16' Pullup Jump Shot (2 PTS),2,6:06,29 - 31,,,,,
135,https://stats.wnba.com/events/?flag=1&GameID=1022500071&GameEventID=210&Season=2025&title=Brown BLOCK (1 BLK)&SeasonType=Regular Season&LeagueID=10,Brown BLOCK (1 BLK),2,5:46,,,https://stats.wnba.com/events/?flag=1&GameID=1022500071&GameEventID=210&Season=2025&title=MISS Cunningham 2' Layup&SeasonType=Regular Season&LeagueID=10,MISS Cunningham 2' Layup,,
136,,,2,5:46,,,https://stats.wnba.com/events/?flag=1&GameID=1022500071&GameEventID=211&Season=2025&title=Cunningham REBOUND (Off:1 Def:2)&SeasonType=Regular Season&LeagueID=10,Cunningham REBOUND (Off:1 Def:2),,
137,https://stats.wnba.com/events/?flag=1&GameID=1022500071&GameEventID=212&Season=2025&title=Charles BLOCK (1 BLK)&SeasonType=Regular Season&LeagueID=10,Charles BLOCK (1 BLK),2,5:46,,,https://stats.wnba.com/events/?flag=1&GameID=1022500071&GameEventID=212&Season=2025&title=MISS Cunningham 1' Putback Layup&SeasonType=Regular Season&LeagueID=10,MISS Cunningham 1' Putback Layup,,
138,,,2,5:45,,,,,,
139,,,2,5:45,,,,,,
140,,,2,5:45,,,,,,
141,,,2,5:43,29 - 33,,https://stats.wnba.com/events/?flag=1&GameID=1022500071&GameEventID=220&Season=2025&title=Dantas 1' Cutting Layup Shot (2 PTS) (Clark 4 AST)&SeasonType=Regular Season&LeagueID=10,Dantas 1' Cutting Layup Shot (2 PTS) (Clark 4 AST),,
142,https://stats.wnba.com/events/?flag=1&GameID=1022500071&GameEventID=222&Season=2025&title=MISS Hartley 21' Pullup Jump Shot&SeasonType=Regular Season&LeagueID=10,MISS Hartley 21' Pullup Jump Shot,2,5:27,,,,,,
143,https://stats.wnba.com/events/?flag=1&GameID=1022500071&GameEventID=223&Season=2025&title=Charles REBOUND (Off:1 Def:1)&SeasonType=Regular Season&LeagueID=10,Charles REBOUND (Off:1 Def:1),2,5:25,,,,,,
144,https://stats.wnba.com/events/?flag=1&GameID=1022500071&GameEventID=224&Season=2025&title=Charles 1' Putback Layup (12 PTS)&SeasonType=Regular Season&LeagueID=10,Charles 1' Putback Layup (12 PTS),2,5:24,31 - 33,,,,,
145,https://stats.wnba.com/events/?flag=1&GameID=1022500071&GameEventID=225&Season=2025&title=Rivers P.FOUL (P1.T3)&SeasonType=Regular Season&LeagueID=10,Rivers P.FOUL (P1.T3),2,5:15,,,,,,
146,,,2,5:15,,,,,,
147,,,2,5:07,31 - 36,,https://stats.wnba.com/events/?flag=1&GameID=1022500071&GameEventID=229&Season=2025&title=Clark 25' 3PT Step Back Jump Shot (9 PTS)&SeasonType=Regular Season&LeagueID=10,Clark 25' 3PT Step Back Jump Shot (9 PTS),,
148,,,2,4:45,,,https://stats.wnba.com/events/?flag=1&GameID=1022500071&GameEventID=230&Season=2025&title=Mitchell S.FOUL (P1.T3)&SeasonType=Regular Season&LeagueID=10,Mitchell S.FOUL (P1.T3),,
149,https://stats.wnba.com/events/?flag=1&GameID=1022500071&GameEventID=232&Season=2025&title=Morrow T.FOUL (P0.T3)&SeasonType=Regular Season&LeagueID=10,Morrow T.FOUL (P0.T3),2,4:45,,,,,,
150,,,2,4:45,31 - 37,,https://stats.wnba.com/events/?flag=1&GameID=1022500071&GameEventID=233&Season=2025&title=Clark Free Throw Technical (10 PTS)&SeasonType=Regular Season&LeagueID=10,Clark Free Throw Technical (10 PTS),,
151,https://stats.wnba.com/events/?flag=1&GameID=1022500071&GameEventID=234&Season=2025&title=Charles Free Throw 1 of 2 (13 PTS)&SeasonType=Regular Season&LeagueID=10,Charles Free Throw 1 of 2 (13 PTS),2,4:45,32 - 37,,,,,
152,,,2,4:45,,,,,,
153,https://stats.wnba.com/events/?flag=1&GameID=1022500071&GameEventID=237&Season=2025&title=Charles Free Throw 2 of 2 (14 PTS)&SeasonType=Regular Season&LeagueID=10,Charles Free Throw 2 of 2 (14 PTS),2,4:45,33 - 37,,,,,
154,,,2,4:33,,,https://stats.wnba.com/events/?flag=1&GameID=1022500071&GameEventID=238&Season=2025&title=MISS Dantas 24' 3PT Jump Shot&SeasonType=Regular Season&LeagueID=10,MISS Dantas 24' 3PT Jump Shot,,
155,https://stats.wnba.com/events/?flag=1&GameID=1022500071&GameEventID=239&Season=2025&title=Mabrey REBOUND (Off:0 Def:3)&SeasonType=Regular Season&LeagueID=10,Mabrey REBOUND (Off:0 Def:3),2,4:28,,,,,,
156,https://stats.wnba.com/events/?flag=1&GameID=1022500071&GameEventID=240&Season=2025&title=Mabrey Bad Pass Turnover (P2.T4)&SeasonType=Regular Season&LeagueID=10,Mabrey Bad Pass Turnover (P2.T4),2,4:25,,,https://stats.wnba.com/events/?flag=1&GameID=1022500071&GameEventID=240&Season=2025&title=Clark STEAL (1 STL)&SeasonType=Regular Season&LeagueID=10,Clark STEAL (1 STL),,
157,,,2,4:20,33 - 39,,https://stats.wnba.com/events/?flag=1&GameID=1022500071&GameEventID=242&Season=2025&title=Mitchell 2' Running Layup (8 PTS) (Clark 5 AST)&SeasonType=Regular Season&LeagueID=10,Mitchell 2' Running Layup (8 PTS) (Clark 5 AST),,
158,https://stats.wnba.com/events/?flag=1&GameID=1022500071&GameEventID=244&Season=2025&title=Mabrey Bad Pass Turnover (P3.T5)&SeasonType=Regular Season&LeagueID=10,Mabrey Bad Pass Turnover (P3.T5),2,4:03,,,https://stats.wnba.com/events/?flag=1&GameID=1022500071&GameEventID=244&Season=2025&title=Clark STEAL (2 STL)&SeasonType=Regular Season&LeagueID=10,Clark STEAL (2 STL),,
159,https://stats.wnba.com/events/?flag=1&GameID=1022500071&GameEventID=246&Season=2025&title=Hartley P.FOUL (P1.T4)&SeasonType=Regular Season&LeagueID=10,Hartley P.FOUL (P1.T4),2,3:47,,,,,,
160,,,2,3:35,,,https://stats.wnba.com/events/?flag=1&GameID=1022500071&GameEventID=248&Season=2025&title=MISS Dantas 12' Turnaround Fadeaway Shot&SeasonType=Regular Season&LeagueID=10,MISS Dantas 12' Turnaround Fadeaway Shot,,
161,,,2,3:31,,,https://stats.wnba.com/events/?flag=1&GameID=1022500071&GameEventID=249&Season=2025&title=Mitchell REBOUND (Off:1 Def:1)&SeasonType=Regular Season&LeagueID=10,Mitchell REBOUND (Off:1 Def:1),,
162,,,2,3:31,33 - 41,,https://stats.wnba.com/events/?flag=1&GameID=1022500071&GameEventID=250&Season=2025&title=Mitchell 3' Putback Layup (10 PTS)&SeasonType=Regular Season&LeagueID=10,Mitchell 3' Putback Layup (10 PTS),,
163,,Mitchell 3' Putback Layup (10 PTS),2,3:27,,,,,,
164,,,2,3:27,,,,,,
165,,,2,3:15,,,https://stats.wnba.com/events/?flag=1&GameID=1022500071&GameEventID=254&Season=2025&title=Dantas P.FOUL (P2.T4)&SeasonType=Regular Season&LeagueID=10,Dantas P.FOUL (P2.T4),,
166,,,2,3:15,,,,,,
167,https://stats.wnba.com/events/?flag=1&GameID=1022500071&GameEventID=257&Season=2025&title=Charles 17' Pullup Jump Shot (16 PTS) (Sheldon 2 AST)&SeasonType=Regular Season&LeagueID=10,Charles 17' Pullup Jump Shot (16 PTS) (Sheldon 2 AST),2,3:05,35 - 41,,,,,
168,,,2,2:46,35 - 43,,https://stats.wnba.com/events/?flag=1&GameID=1022500071&GameEventID=259&Season=2025&title=Clark 2' Reverse Layup (12 PTS) (Dantas 1 AST)&SeasonType=Regular Season&LeagueID=10,Clark 2' Reverse Layup (12 PTS) (Dantas 1 AST),,
169,https://stats.wnba.com/events/?flag=1&GameID=1022500071&GameEventID=261&Season=2025&title=MISS Charles 1' Reverse Layup&SeasonType=Regular Season&LeagueID=10,MISS Charles 1' Reverse Layup,2,2:34,,,,,,
170,,,2,2:33,,,https://stats.wnba.com/events/?flag=1&GameID=1022500071&GameEventID=262&Season=2025&title=Clark REBOUND (Off:0 Def:1)&SeasonType=Regular Season&LeagueID=10,Clark REBOUND (Off:0 Def:1),,
171,,,2,2:18,,,https://stats.wnba.com/events/?flag=1&GameID=1022500071&GameEventID=263&Season=2025&title=MISS Mitchell Driving Layup&SeasonType=Regular Season&LeagueID=10,MISS Mitchell Driving Layup,,
172,https://stats.wnba.com/events/?flag=1&GameID=1022500071&GameEventID=264&Season=2025&title=Mabrey REBOUND (Off:0 Def:4)&SeasonType=Regular Season&LeagueID=10,Mabrey REBOUND (Off:0 Def:4),2,2:14,,,,,,
173,https://stats.wnba.com/events/?flag=1&GameID=1022500071&GameEventID=265&Season=2025&title=MISS Peters 27' 3PT Running Jump Shot&SeasonType=Regular Season&LeagueID=10,MISS Peters 27' 3PT Running Jump Shot,2,2:08,,,,,,
174,,,2,2:07,,,https://stats.wnba.com/events/?flag=1&GameID=1022500071&GameEventID=266&Season=2025&title=Cunningham REBOUND (Off:1 Def:3)&SeasonType=Regular Season&LeagueID=10,Cunningham REBOUND (Off:1 Def:3),,
175,,,2,2:00,35 - 45,,https://stats.wnba.com/events/?flag=1&GameID=1022500071&GameEventID=267&Season=2025&title=Mitchell 2' Driving Layup (12 PTS) (Cunningham 1 AST)&SeasonType=Regular Season&LeagueID=10,Mitchell 2' Driving Layup (12 PTS) (Cunningham 1 AST),,
176,https://stats.wnba.com/events/?flag=1&GameID=1022500071&GameEventID=269&Season=2025&title=Hartley OFF.Foul (P2)&SeasonType=Regular Season&LeagueID=10,Hartley OFF.Foul (P2),2,1:46,,,,,,
177,https://stats.wnba.com/events/?flag=1&GameID=1022500071&GameEventID=271&Season=2025&title=Hartley Offensive Foul Turnover (P1.T6)&SeasonType=Regular Season&LeagueID=10,Hartley Offensive Foul Turnover (P1.T6),2,1:46,,,,,,
178,,,2,1:46,,,,,,
179,,,2,1:35,,,https://stats.wnba.com/events/?flag=1&GameID=1022500071&GameEventID=274&Season=2025&title=MISS Clark 27' 3PT Jump Shot&SeasonType=Regular Season&LeagueID=10,MISS Clark 27' 3PT Jump Shot,,
180,,,2,1:33,,,https://stats.wnba.com/events/?flag=1&GameID=1022500071&GameEventID=275&Season=2025&title=FEVER Rebound&SeasonType=Regular Season&LeagueID=10,FEVER Rebound,,
181,https://stats.wnba.com/events/?flag=1&GameID=1022500071&GameEventID=276&Season=2025&title=Mabrey L.B.FOUL (P1.PN)&SeasonType=Regular Season&LeagueID=10,Mabrey L.B.FOUL (P1.PN),2,1:33,,,,,,
182,,,2,1:33,35 - 46,,https://stats.wnba.com/events/?flag=1&GameID=1022500071&GameEventID=278&Season=2025&title=Hull Free Throw 1 of 2 (4 PTS)&SeasonType=Regular Season&LeagueID=10,Hull Free Throw 1 of 2 (4 PTS),,
183,,Hull Free Throw 1 of 2 (4 PTS),2,1:33,,,,,,
184,,,2,1:33,35 - 47,,https://stats.wnba.com/events/?flag=1&GameID=1022500071&GameEventID=281&Season=2025&title=Hull Free Throw 2 of 2 (5 PTS)&SeasonType=Regular Season&LeagueID=10,Hull Free Throw 2 of 2 (5 PTS),,
185,https://stats.wnba.com/events/?flag=1&GameID=1022500071&GameEventID=282&Season=2025&title=MISS Charles 13' Turnaround Fadeaway Shot&SeasonType=Regular Season&LeagueID=10,MISS Charles 13' Turnaround Fadeaway Shot,2,1:22,,,,,,
186,,,2,1:18,,,https://stats.wnba.com/events/?flag=1&GameID=1022500071&GameEventID=283&Season=2025&title=Cunningham REBOUND (Off:1 Def:4)&SeasonType=Regular Season&LeagueID=10,Cunningham REBOUND (Off:1 Def:4),,
187,,,2,1:10,,,https://stats.wnba.com/events/?flag=1&GameID=1022500071&GameEventID=284&Season=2025&title=MISS Mitchell 26' 3PT Pullup Jump Shot&SeasonType=Regular Season&LeagueID=10,MISS Mitchell 26' 3PT Pullup Jump Shot,,
188,https://stats.wnba.com/events/?flag=1&GameID=1022500071&GameEventID=285&Season=2025&title=Charles REBOUND (Off:1 Def:2)&SeasonType=Regular Season&LeagueID=10,Charles REBOUND (Off:1 Def:2),2,1:06,,,,,,
189,https://stats.wnba.com/events/?flag=1&GameID=1022500071&GameEventID=286&Season=2025&title=Brown 2' Running Layup (5 PTS) (Sheldon 3 AST)&SeasonType=Regular Season&LeagueID=10,Brown 2' Running Layup (5 PTS) (Sheldon 3 AST),2,1:02,37 - 47,,,,,
190,,,2,0:50,,,https://stats.wnba.com/events/?flag=1&GameID=1022500071&GameEventID=288&Season=2025&title=Clark OFF.Foul (P1)&SeasonType=Regular Season&LeagueID=10,Clark OFF.Foul (P1),,
191,,,2,0:50,,,https://stats.wnba.com/events/?flag=1&GameID=1022500071&GameEventID=290&Season=2025&title=Clark Offensive Foul Turnover (P3.T7)&SeasonType=Regular Season&LeagueID=10,Clark Offensive Foul Turnover (P3.T7),,
192,https://stats.wnba.com/events/?flag=1&GameID=1022500071&GameEventID=291&Season=2025&title=MISS Sheldon 24' 3PT Jump Shot&SeasonType=Regular Season&LeagueID=10,MISS Sheldon 24' 3PT Jump Shot,2,0:37,,,,,,
193,https://stats.wnba.com/events/?flag=1&GameID=1022500071&GameEventID=292&Season=2025&title=Sun Rebound&SeasonType=Regular Season&LeagueID=10,Sun Rebound,2,0:33,,,,,,
194,,,2,0:33,,,https://stats.wnba.com/events/?flag=1&GameID=1022500071&GameEventID=293&Season=2025&title=Hull L.B.FOUL (P1.PN)&SeasonType=Regular Season&LeagueID=10,Hull L.B.FOUL (P1.PN),,
195,https://stats.wnba.com/events/?flag=1&GameID=1022500071&GameEventID=295&Season=2025&title=Peters Free Throw 1 of 2 (3 PTS)&SeasonType=Regular Season&LeagueID=10,Peters Free Throw 1 of 2 (3 PTS),2,0:33,38 - 47,,,,,
196,https://stats.wnba.com/events/?flag=1&GameID=1022500071&GameEventID=296&Season=2025&title=Peters Free Throw 2 of 2 (4 PTS)&SeasonType=Regular Season&LeagueID=10,Peters Free Throw 2 of 2 (4 PTS),2,0:33,39 - 47,,,,,
197,,,2,0:19,,,https://stats.wnba.com/events/?flag=1&GameID=1022500071&GameEventID=297&Season=2025&title=Cunningham OFF.Foul (P3)&SeasonType=Regular Season&LeagueID=10,Cunningham OFF.Foul (P3),,
198,,,2,0:19,,,https://stats.wnba.com/events/?flag=1&GameID=1022500071&GameEventID=299&Season=2025&title=Cunningham Offensive Foul Turnover (P2.T8)&SeasonType=Regular Season&LeagueID=10,Cunningham Offensive Foul Turnover (P2.T8),,
199,https://stats.wnba.com/events/?flag=1&GameID=1022500071&GameEventID=300&Season=2025&title=MISS Brown 10' Floating Jump Shot&SeasonType=Regular Season&LeagueID=10,MISS Brown 10' Floating Jump Shot,2,0:03,,,,,,
200,https://stats.wnba.com/events/?flag=1&GameID=1022500071&GameEventID=304&Season=2025&title=Sun Rebound&SeasonType=Regular Season&LeagueID=10,Sun Rebound,2,0:03,,,,,,
201,,,2,0:00,,,https://stats.wnba.com/events/?flag=1&GameID=1022500071&GameEventID=301&Season=2025&title= &SeasonType=Regular Season&LeagueID=10,,,
202,,,2,0:00,39 - 47,End of 2nd Period (7:54 PM EST),,,,
203,,,3,9:47,,,https://stats.wnba.com/events/?flag=1&GameID=1022500071&GameEventID=313&Season=2025&title=MISS Clark 16' Floating Jump Shot&SeasonType=Regular Season&LeagueID=10,MISS Clark 16' Floating Jump Shot,,
204,,,3,9:43,,,https://stats.wnba.com/events/?flag=1&GameID=1022500071&GameEventID=314&Season=2025&title=FEVER Rebound&SeasonType=Regular Season&LeagueID=10,FEVER Rebound,,
205,,,3,9:29,,,https://stats.wnba.com/events/?flag=1&GameID=1022500071&GameEventID=316&Season=2025&title=FEVER Turnover: Shot Clock (T#9)&SeasonType=Regular Season&LeagueID=10,FEVER Turnover: Shot Clock (T#9),,
206,https://stats.wnba.com/events/?flag=1&GameID=1022500071&GameEventID=317&Season=2025&title=Mabrey 2' Cutting Layup Shot (6 PTS) (Hartley 1 AST)&SeasonType=Regular Season&LeagueID=10,Mabrey 2' Cutting Layup Shot (6 PTS) (Hartley 1 AST),3,9:10,41 - 47,,,,,
207,,,3,8:52,,,https://stats.wnba.com/events/?flag=1&GameID=1022500071&GameEventID=319&Season=2025&title=MISS Mitchell 26' 3PT Pullup Jump Shot&SeasonType=Regular Season&LeagueID=10,MISS Mitchell 26' 3PT Pullup Jump Shot,,
208,https://stats.wnba.com/events/?flag=1&GameID=1022500071&GameEventID=320&Season=2025&title=Mabrey REBOUND (Off:0 Def:5)&SeasonType=Regular Season&LeagueID=10,Mabrey REBOUND (Off:0 Def:5),3,8:49,,,,,,
209,https://stats.wnba.com/events/?flag=1&GameID=1022500071&GameEventID=321&Season=2025&title=MISS Mabrey 29' 3PT Pullup Jump Shot&SeasonType=Regular Season&LeagueID=10,MISS Mabrey 29' 3PT Pullup Jump Shot,3,8:42,,,,,,
210,,,3,8:39,,,https://stats.wnba.com/events/?flag=1&GameID=1022500071&GameEventID=322&Season=2025&title=Boston REBOUND (Off:0 Def:4)&SeasonType=Regular Season&LeagueID=10,Boston REBOUND (Off:0 Def:4),,
211,,,3,8:33,41 - 50,,https://stats.wnba.com/events/?flag=1&GameID=1022500071&GameEventID=323&Season=2025&title=Hull 3PT Running Jump Shot (8 PTS) (Boston 4 AST)&SeasonType=Regular Season&LeagueID=10,Hull 3PT Running Jump Shot (8 PTS) (Boston 4 AST),,
212,https://stats.wnba.com/events/?flag=1&GameID=1022500071&GameEventID=325&Season=2025&title=MISS Hartley 1' Driving Layup&SeasonType=Regular Season&LeagueID=10,MISS Hartley 1' Driving Layup,3,8:18,,,https://stats.wnba.com/events/?flag=1&GameID=1022500071&GameEventID=325&Season=2025&title=Boston BLOCK (1 BLK)&SeasonType=Regular Season&LeagueID=10,Boston BLOCK (1 BLK),,
213,https://stats.wnba.com/events/?flag=1&GameID=1022500071&GameEventID=327&Season=2025&title=Nelson-Ododa REBOUND (Off:3 Def:1)&SeasonType=Regular Season&LeagueID=10,Nelson-Ododa REBOUND (Off:3 Def:1),3,8:15,,,,,,
214,https://stats.wnba.com/events/?flag=1&GameID=1022500071&GameEventID=328&Season=2025&title=Nelson-Ododa 1' Putback Layup (8 PTS)&SeasonType=Regular Season&LeagueID=10,Nelson-Ododa 1' Putback Layup (8 PTS),3,8:15,43 - 50,,,,,
215,,,3,7:57,43 - 53,,https://stats.wnba.com/events/?flag=1&GameID=1022500071&GameEventID=330&Season=2025&title=Mitchell 3PT Jump Shot (15 PTS) (Boston 5 AST)&SeasonType=Regular Season&LeagueID=10,Mitchell 3PT Jump Shot (15 PTS) (Boston 5 AST),,
216,https://stats.wnba.com/events/?flag=1&GameID=1022500071&GameEventID=332&Season=2025&title=MISS Charles 19' Step Back Jump Shot&SeasonType=Regular Season&LeagueID=10,MISS Charles 19' Step Back Jump Shot,3,7:40,,,,,,
217,,,3,7:38,,,https://stats.wnba.com/events/?flag=1&GameID=1022500071&GameEventID=333&Season=2025&title=Boston REBOUND (Off:0 Def:5)&SeasonType=Regular Season&LeagueID=10,Boston REBOUND (Off:0 Def:5),,
218,,,3,7:27,43 - 55,,https://stats.wnba.com/events/?flag=1&GameID=1022500071&GameEventID=334&Season=2025&title=Howard Layup (12 PTS) (Clark 6 AST)&SeasonType=Regular Season&LeagueID=10,Howard Layup (12 PTS) (Clark 6 AST),,
219,,Howard Layup (12 PTS) (Clark 6 AST),3,7:26,,,,,,
220,,,3,7:26,43 - 55,Instant Replay3rd Period (8:14 PM EST),,,,
221,,,3,7:26,43 - 55,Instant Replay3rd Period (8:14 PM EST),,,,
222,https://stats.wnba.com/events/?flag=1&GameID=1022500071&GameEventID=339&Season=2025&title=MISS Hartley 26' 3PT Pullup Jump Shot&SeasonType=Regular Season&LeagueID=10,MISS Hartley 26' 3PT Pullup Jump Shot,3,7:12,,,,,,
223,https://stats.wnba.com/events/?flag=1&GameID=1022500071&GameEventID=340&Season=2025&title=Sheldon REBOUND (Off:1 Def:0)&SeasonType=Regular Season&LeagueID=10,Sheldon REBOUND (Off:1 Def:0),3,7:07,,,,,,
224,https://stats.wnba.com/events/?flag=1&GameID=1022500071&GameEventID=341&Season=2025&title=MISS Charles 26' 3PT Jump Shot&SeasonType=Regular Season&LeagueID=10,MISS Charles 26' 3PT Jump Shot,3,6:53,,,,,,
225,https://stats.wnba.com/events/?flag=1&GameID=1022500071&GameEventID=342&Season=2025&title=Nelson-Ododa REBOUND (Off:4 Def:1)&SeasonType=Regular Season&LeagueID=10,Nelson-Ododa REBOUND (Off:4 Def:1),3,6:51,,,,,,
226,https://stats.wnba.com/events/?flag=1&GameID=1022500071&GameEventID=344&Season=2025&title=Nelson-Ododa Out of Bounds - Bad Pass Turnover Turnover (P1.T7)&SeasonType=Regular Season&LeagueID=10,Nelson-Ododa Out of Bounds - Bad Pass Turnover Turnover (P1.T7),3,6:40,,,,,,
227,,,3,6:26,,,https://stats.wnba.com/events/?flag=1&GameID=1022500071&GameEventID=345&Season=2025&title=MISS Mitchell 20' Step Back Jump Shot&SeasonType=Regular Season&LeagueID=10,MISS Mitchell 20' Step Back Jump Shot,,
228,https://stats.wnba.com/events/?flag=1&GameID=1022500071&GameEventID=346&Season=2025&title=Sun Rebound&SeasonType=Regular Season&LeagueID=10,Sun Rebound,3,6:25,,,,,,
229,,,3,6:25,,,https://stats.wnba.com/events/?flag=1&GameID=1022500071&GameEventID=347&Season=2025&title=Hull L.B.FOUL (P2.T1)&SeasonType=Regular Season&LeagueID=10,Hull L.B.FOUL (P2.T1),,
230,https://stats.wnba.com/events/?flag=1&GameID=1022500071&GameEventID=349&Season=2025&title=MISS Hartley 25' 3PT Jump Shot&SeasonType=Regular Season&LeagueID=10,MISS Hartley 25' 3PT Jump Shot,3,6:08,,,,,,
231,,,3,6:05,,,https://stats.wnba.com/events/?flag=1&GameID=1022500071&GameEventID=350&Season=2025&title=Boston REBOUND (Off:0 Def:6)&SeasonType=Regular Season&LeagueID=10,Boston REBOUND (Off:0 Def:6),,
232,,,3,5:48,,,,,,
233,,,3,5:47,,,https://stats.wnba.com/events/?flag=1&GameID=1022500071&GameEventID=352&Season=2025&title=Boston REBOUND (Off:1 Def:6)&SeasonType=Regular Season&LeagueID=10,Boston REBOUND (Off:1 Def:6),,
234,,,3,5:45,,,https://stats.wnba.com/events/?flag=1&GameID=1022500071&GameEventID=353&Season=2025&title=MISS Mitchell 24' 3PT Jump Shot&SeasonType=Regular Season&LeagueID=10,MISS Mitchell 24' 3PT Jump Shot,,
235,https://stats.wnba.com/events/?flag=1&GameID=1022500071&GameEventID=354&Season=2025&title=Nelson-Ododa REBOUND (Off:4 Def:2)&SeasonType=Regular Season&LeagueID=10,Nelson-Ododa REBOUND (Off:4 Def:2),3,5:41,,,,,,
236,https://stats.wnba.com/events/?flag=1&GameID=1022500071&GameEventID=355&Season=2025&title=MISS Charles 5' Turnaround Hook Shot&SeasonType=Regular Season&LeagueID=10,MISS Charles 5' Turnaround Hook Shot,3,5:32,,,,,,
237,,,3,5:30,,,https://stats.wnba.com/events/?flag=1&GameID=1022500071&GameEventID=356&Season=2025&title=Hull REBOUND (Off:0 Def:2)&SeasonType=Regular Season&LeagueID=10,Hull REBOUND (Off:0 Def:2),,
238,,,3,5:19,,,https://stats.wnba.com/events/?flag=1&GameID=1022500071&GameEventID=357&Season=2025&title=MISS Mitchell 3PT Jump Shot&SeasonType=Regular Season&LeagueID=10,MISS Mitchell 3PT Jump Shot,,
239,,,3,5:18,,,https://stats.wnba.com/events/?flag=1&GameID=1022500071&GameEventID=358&Season=2025&title=Howard REBOUND (Off:4 Def:4)&SeasonType=Regular Season&LeagueID=10,Howard REBOUND (Off:4 Def:4),,
240,https://stats.wnba.com/events/?flag=1&GameID=1022500071&GameEventID=359&Season=2025&title=Mabrey STEAL (2 STL)&SeasonType=Regular Season&LeagueID=10,Mabrey STEAL (2 STL),3,5:15,,,https://stats.wnba.com/events/?flag=1&GameID=1022500071&GameEventID=359&Season=2025&title=Howard Lost Ball Turnover (P2.T10)&SeasonType=Regular Season&LeagueID=10,Howard Lost Ball Turnover (P2.T10),,
241,https://stats.wnba.com/events/?flag=1&GameID=1022500071&GameEventID=361&Season=2025&title=MISS Charles 1' Driving Layup&SeasonType=Regular Season&LeagueID=10,MISS Charles 1' Driving Layup,3,5:02,,,,,,
242,https://stats.wnba.com/events/?flag=1&GameID=1022500071&GameEventID=362&Season=2025&title=Charles REBOUND (Off:2 Def:2)&SeasonType=Regular Season&LeagueID=10,Charles REBOUND (Off:2 Def:2),3,5:01,,,,,,
243,,,3,5:01,,,https://stats.wnba.com/events/?flag=1&GameID=1022500071&GameEventID=363&Season=2025&title=Clark S.FOUL (P2.T2)&SeasonType=Regular Season&LeagueID=10,Clark S.FOUL (P2.T2),,
244,https://stats.wnba.com/events/?flag=1&GameID=1022500071&GameEventID=365&Season=2025&title=Charles Free Throw 1 of 2 (17 PTS)&SeasonType=Regular Season&LeagueID=10,Charles Free Throw 1 of 2 (17 PTS),3,5:01,44 - 55,,,,,
245,,,3,5:01,,,,,,
246,,,3,5:01,,,,,,
247,https://stats.wnba.com/events/?flag=1&GameID=1022500071&GameEventID=370&Season=2025&title=Charles Free Throw 2 of 2 (18 PTS)&SeasonType=Regular Season&LeagueID=10,Charles Free Throw 2 of 2 (18 PTS),3,5:01,45 - 55,,,,,
248,,,3,4:48,45 - 55,Instant Replay3rd Period (8:25 PM EST),,,,
249,,,3,4:48,45 - 55,Instant Replay3rd Period (8:27 PM EST),,,,
250,,,3,4:48,,"Double Technical - Charles, Clark",,,,
251,https://stats.wnba.com/events/?flag=1&GameID=1022500071&GameEventID=377&Season=2025&title=Mabrey T.FOUL (P1.T0)&SeasonType=Regular Season&LeagueID=10,Mabrey T.FOUL (P1.T0),3,4:48,,,,,,
252,,,3,4:48,45 - 56,,https://stats.wnba.com/events/?flag=1&GameID=1022500071&GameEventID=378&Season=2025&title=Clark Free Throw Technical (13 PTS)&SeasonType=Regular Season&LeagueID=10,Clark Free Throw Technical (13 PTS),,
253,,Clark Free Throw Technical (13 PTS),3,4:48,,,,,,
254,,,3,4:48,45 - 57,,https://stats.wnba.com/events/?flag=1&GameID=1022500071&GameEventID=381&Season=2025&title=Clark Free Throw Flagrant 1 of 2 (14 PTS)&SeasonType=Regular Season&LeagueID=10,Clark Free Throw Flagrant 1 of 2 (14 PTS),,
255,,,3,4:48,45 - 58,,https://stats.wnba.com/events/?flag=1&GameID=1022500071&GameEventID=382&Season=2025&title=Clark Free Throw Flagrant 2 of 2 (15 PTS)&SeasonType=Regular Season&LeagueID=10,Clark Free Throw Flagrant 2 of 2 (15 PTS),,
256,https://stats.wnba.com/events/?flag=1&GameID=1022500071&GameEventID=383&Season=2025&title=Mabrey STEAL (3 STL)&SeasonType=Regular Season&LeagueID=10,Mabrey STEAL (3 STL),3,4:45,,,https://stats.wnba.com/events/?flag=1&GameID=1022500071&GameEventID=383&Season=2025&title=Colson Bad Pass Turnover (P1.T11)&SeasonType=Regular Season&LeagueID=10,Colson Bad Pass Turnover (P1.T11),,
257,https://stats.wnba.com/events/?flag=1&GameID=1022500071&GameEventID=385&Season=2025&title=MISS Charles 18' Step Back Jump Shot&SeasonType=Regular Season&LeagueID=10,MISS Charles 18' Step Back Jump Shot,3,4:26,,,,,,
258,,,3,4:23,,,https://stats.wnba.com/events/?flag=1&GameID=1022500071&GameEventID=386&Season=2025&title=Howard REBOUND (Off:4 Def:5)&SeasonType=Regular Season&LeagueID=10,Howard REBOUND (Off:4 Def:5),,
259,,,3,4:06,,,https://stats.wnba.com/events/?flag=1&GameID=1022500071&GameEventID=387&Season=2025&title=MISS Hull 1' Driving Finger Roll Layup&SeasonType=Regular Season&LeagueID=10,MISS Hull 1' Driving Finger Roll Layup,,
260,,,3,4:03,45 - 60,,https://stats.wnba.com/events/?flag=1&GameID=1022500071&GameEventID=389&Season=2025&title=Howard 1' Tip Layup Shot (14 PTS)&SeasonType=Regular Season&LeagueID=10,Howard 1' Tip Layup Shot (14 PTS),,
261,,,3,4:03,,,https://stats.wnba.com/events/?flag=1&GameID=1022500071&GameEventID=388&Season=2025&title=Howard REBOUND (Off:5 Def:5)&SeasonType=Regular Season&LeagueID=10,Howard REBOUND (Off:5 Def:5),,
262,https://stats.wnba.com/events/?flag=1&GameID=1022500071&GameEventID=390&Season=2025&title=Nelson-Ododa OFF.Foul (P3)&SeasonType=Regular Season&LeagueID=10,Nelson-Ododa OFF.Foul (P3),3,3:55,,,,,,
263,https://stats.wnba.com/events/?flag=1&GameID=1022500071&GameEventID=392&Season=2025&title=Nelson-Ododa Offensive Foul Turnover (P2.T8)&SeasonType=Regular Season&LeagueID=10,Nelson-Ododa Offensive Foul Turnover (P2.T8),3,3:55,,,,,,
264,,,3,3:55,,,,,,
265,,,3,3:44,,,https://stats.wnba.com/events/?flag=1&GameID=1022500071&GameEventID=395&Season=2025&title=MISS Boston 15' Jump Shot&SeasonType=Regular Season&LeagueID=10,MISS Boston 15' Jump Shot,,
266,https://stats.wnba.com/events/?flag=1&GameID=1022500071&GameEventID=396&Season=2025&title=Mabrey REBOUND (Off:0 Def:6)&SeasonType=Regular Season&LeagueID=10,Mabrey REBOUND (Off:0 Def:6),3,3:40,,,,,,
267,https://stats.wnba.com/events/?flag=1&GameID=1022500071&GameEventID=397&Season=2025&title=Sheldon Bad Pass Turnover (P1.T9)&SeasonType=Regular Season&LeagueID=10,Sheldon Bad Pass Turnover (P1.T9),3,3:24,,,https://stats.wnba.com/events/?flag=1&GameID=1022500071&GameEventID=397&Season=2025&title=Colson STEAL (1 STL)&SeasonType=Regular Season&LeagueID=10,Colson STEAL (1 STL),,
268,,,3,3:16,,,https://stats.wnba.com/events/?flag=1&GameID=1022500071&GameEventID=399&Season=2025&title=MISS Clark 2' Driving Layup&SeasonType=Regular Season&LeagueID=10,MISS Clark 2' Driving Layup,,
269,,,3,3:13,,,https://stats.wnba.com/events/?flag=1&GameID=1022500071&GameEventID=400&Season=2025&title=Howard REBOUND (Off:6 Def:5)&SeasonType=Regular Season&LeagueID=10,Howard REBOUND (Off:6 Def:5),,
270,https://stats.wnba.com/events/?flag=1&GameID=1022500071&GameEventID=401&Season=2025&title=Sheldon P.FOUL (P3.T2)&SeasonType=Regular Season&LeagueID=10,Sheldon P.FOUL (P3.T2),3,3:13,,,,,,
271,,,3,3:13,,,,,,
272,,,3,3:13,,,,,,
273,,,3,3:13,,,,,,
274,,,3,3:13,,,,,,
275,,,3,3:09,,,https://stats.wnba.com/events/?flag=1&GameID=1022500071&GameEventID=411&Season=2025&title=Dantas OFF.Foul (P3)&SeasonType=Regular Season&LeagueID=10,Dantas OFF.Foul (P3),,
276,,,3,3:09,,,https://stats.wnba.com/events/?flag=1&GameID=1022500071&GameEventID=413&Season=2025&title=Dantas Offensive Foul Turnover (P3.T12)&SeasonType=Regular Season&LeagueID=10,Dantas Offensive Foul Turnover (P3.T12),,
277,https://stats.wnba.com/events/?flag=1&GameID=1022500071&GameEventID=414&Season=2025&title=MISS Allen 24' 3PT Jump Shot&SeasonType=Regular Season&LeagueID=10,MISS Allen 24' 3PT Jump Shot,3,2:57,,,,,,
278,https://stats.wnba.com/events/?flag=1&GameID=1022500071&GameEventID=415&Season=2025&title=Mabrey REBOUND (Off:1 Def:6)&SeasonType=Regular Season&LeagueID=10,Mabrey REBOUND (Off:1 Def:6),3,2:50,,,,,,
279,https://stats.wnba.com/events/?flag=1&GameID=1022500071&GameEventID=416&Season=2025&title=Rivers 25' 3PT Jump Shot (3 PTS) (Mabrey 1 AST)&SeasonType=Regular Season&LeagueID=10,Rivers 25' 3PT Jump Shot (3 PTS) (Mabrey 1 AST),3,2:49,48 - 60,,,,,
280,https://stats.wnba.com/events/?flag=1&GameID=1022500071&GameEventID=418&Season=2025&title=Charles P.FOUL (P2.T3)&SeasonType=Regular Season&LeagueID=10,Charles P.FOUL (P2.T3),3,2:29,,,,,,
281,,,3,2:20,48 - 62,,https://stats.wnba.com/events/?flag=1&GameID=1022500071&GameEventID=420&Season=2025&title=Dantas 3' Layup (4 PTS)&SeasonType=Regular Season&LeagueID=10,Dantas 3' Layup (4 PTS),,
282,https://stats.wnba.com/events/?flag=1&GameID=1022500071&GameEventID=421&Season=2025&title=MISS Mabrey 28' 3PT Jump Shot&SeasonType=Regular Season&LeagueID=10,MISS Mabrey 28' 3PT Jump Shot,3,1:59,,,,,,
283,,,3,1:55,,,,,,
284,https://stats.wnba.com/events/?flag=1&GameID=1022500071&GameEventID=423&Season=2025&title=Allen L.B.FOUL (P1.T4)&SeasonType=Regular Season&LeagueID=10,Allen L.B.FOUL (P1.T4),3,1:55,,,,,,
285,,,3,1:55,,,,,,
286,,,3,1:47,,,https://stats.wnba.com/events/?flag=1&GameID=1022500071&GameEventID=427&Season=2025&title=MISS Mitchell 1' Driving Layup&SeasonType=Regular Season&LeagueID=10,MISS Mitchell 1' Driving Layup,,
287,,,3,1:44,,,https://stats.wnba.com/events/?flag=1&GameID=1022500071&GameEventID=428&Season=2025&title=Howard REBOUND (Off:7 Def:5)&SeasonType=Regular Season&LeagueID=10,Howard REBOUND (Off:7 Def:5),,
288,,,3,1:44,,,https://stats.wnba.com/events/?flag=1&GameID=1022500071&GameEventID=429&Season=2025&title=MISS Howard 1' Tip Layup Shot&SeasonType=Regular Season&LeagueID=10,MISS Howard 1' Tip Layup Shot,,
289,https://stats.wnba.com/events/?flag=1&GameID=1022500071&GameEventID=430&Season=2025&title=Brown REBOUND (Off:0 Def:1)&SeasonType=Regular Season&LeagueID=10,Brown REBOUND (Off:0 Def:1),3,1:44,,,,,,
290,https://stats.wnba.com/events/?flag=1&GameID=1022500071&GameEventID=431&Season=2025&title=Brown 19' Pullup Jump Shot (7 PTS)&SeasonType=Regular Season&LeagueID=10,Brown 19' Pullup Jump Shot (7 PTS),3,1:28,50 - 62,,,,,
291,https://stats.wnba.com/events/?flag=1&GameID=1022500071&GameEventID=432&Season=2025&title=Rivers P.FOUL (P2.PN)&SeasonType=Regular Season&LeagueID=10,Rivers P.FOUL (P2.PN),3,1:13,,,,,,
292,,,3,1:13,50 - 63,,https://stats.wnba.com/events/?flag=1&GameID=1022500071&GameEventID=434&Season=2025&title=Howard Free Throw 1 of 2 (15 PTS)&SeasonType=Regular Season&LeagueID=10,Howard Free Throw 1 of 2 (15 PTS),,
293,,,3,1:13,50 - 64,,https://stats.wnba.com/events/?flag=1&GameID=1022500071&GameEventID=435&Season=2025&title=Howard Free Throw 2 of 2 (16 PTS)&SeasonType=Regular Season&LeagueID=10,Howard Free Throw 2 of 2 (16 PTS),,
294,https://stats.wnba.com/events/?flag=1&GameID=1022500071&GameEventID=436&Season=2025&title=Charles 14' Turnaround Fadeaway (20 PTS)&SeasonType=Regular Season&LeagueID=10,Charles 14' Turnaround Fadeaway (20 PTS),3,1:00,52 - 64,,,,,
295,https://stats.wnba.com/events/?flag=1&GameID=1022500071&GameEventID=437&Season=2025&title=Peters P.FOUL (P2.PN)&SeasonType=Regular Season&LeagueID=10,Peters P.FOUL (P2.PN),3,0:44,,,,,,
296,,,3,0:44,52 - 65,,https://stats.wnba.com/events/?flag=1&GameID=1022500071&GameEventID=439&Season=2025&title=Dantas Free Throw 1 of 2 (5 PTS)&SeasonType=Regular Season&LeagueID=10,Dantas Free Throw 1 of 2 (5 PTS),,
297,,,3,0:44,52 - 66,,https://stats.wnba.com/events/?flag=1&GameID=1022500071&GameEventID=440&Season=2025&title=Dantas Free Throw 2 of 2 (6 PTS)&SeasonType=Regular Season&LeagueID=10,Dantas Free Throw 2 of 2 (6 PTS),,
298,https://stats.wnba.com/events/?flag=1&GameID=1022500071&GameEventID=441&Season=2025&title=MISS Rivers 19' Pullup Jump Shot&SeasonType=Regular Season&LeagueID=10,MISS Rivers 19' Pullup Jump Shot,3,0:30,,,,,,
299,,,3,0:28,,,https://stats.wnba.com/events/?flag=1&GameID=1022500071&GameEventID=442&Season=2025&title=Dantas REBOUND (Off:0 Def:2)&SeasonType=Regular Season&LeagueID=10,Dantas REBOUND (Off:0 Def:2),,
300,,,3,0:08,52 - 68,,https://stats.wnba.com/events/?flag=1&GameID=1022500071&GameEventID=443&Season=2025&title=Mitchell 20' Step Back Jump Shot (17 PTS)&SeasonType=Regular Season&LeagueID=10,Mitchell 20' Step Back Jump Shot (17 PTS),,
301,,,3,0:00,52 - 68,Instant Replay3rd Period (8:38 PM EST),,,,
302,,,3,0:00,52 - 68,End of 3rd Period (8:39 PM EST),,,,
303,https://stats.wnba.com/events/?flag=1&GameID=1022500071&GameEventID=453&Season=2025&title=Brown 1' Reverse Layup (9 PTS) (Rivers 2 AST)&SeasonType=Regular Season&LeagueID=10,Brown 1' Reverse Layup (9 PTS) (Rivers 2 AST),4,9:48,54 - 68,,,,,
304,,,4,9:31,,,https://stats.wnba.com/events/?flag=1&GameID=1022500071&GameEventID=455&Season=2025&title=Colson OFF.Foul (P2)&SeasonType=Regular Season&LeagueID=10,Colson OFF.Foul (P2),,
305,,,4,9:31,,,https://stats.wnba.com/events/?flag=1&GameID=1022500071&GameEventID=457&Season=2025&title=Colson Offensive Foul Turnover (P2.T13)&SeasonType=Regular Season&LeagueID=10,Colson Offensive Foul Turnover (P2.T13),,
306,https://stats.wnba.com/events/?flag=1&GameID=1022500071&GameEventID=458&Season=2025&title=Rivers 1' Layup (5 PTS)&SeasonType=Regular Season&LeagueID=10,Rivers 1' Layup (5 PTS),4,9:15,56 - 68,,,,,
307,,,4,8:56,56 - 71,,https://stats.wnba.com/events/?flag=1&GameID=1022500071&GameEventID=459&Season=2025&title=Dantas 26' 3PT Jump Shot (9 PTS) (Mitchell 2 AST)&SeasonType=Regular Season&LeagueID=10,Dantas 26' 3PT Jump Shot (9 PTS) (Mitchell 2 AST),,
308,,,4,8:43,,,https://stats.wnba.com/events/?flag=1&GameID=1022500071&GameEventID=461&Season=2025&title=Cunningham P.FOUL (P4.T1)&SeasonType=Regular Season&LeagueID=10,Cunningham P.FOUL (P4.T1),,
309,,,4,8:38,,,,,,
310,https://stats.wnba.com/events/?flag=1&GameID=1022500071&GameEventID=464&Season=2025&title=Peters Traveling Turnover (P2.T10)&SeasonType=Regular Season&LeagueID=10,Peters Traveling Turnover (P2.T10),4,8:34,,,,,,
311,,,4,8:22,,,https://stats.wnba.com/events/?flag=1&GameID=1022500071&GameEventID=465&Season=2025&title=MISS Dantas 3PT Jump Shot&SeasonType=Regular Season&LeagueID=10,MISS Dantas 3PT Jump Shot,,
312,https://stats.wnba.com/events/?flag=1&GameID=1022500071&GameEventID=466&Season=2025&title=Rivers REBOUND (Off:0 Def:2)&SeasonType=Regular Season&LeagueID=10,Rivers REBOUND (Off:0 Def:2),4,8:18,,,,,,
313,https://stats.wnba.com/events/?flag=1&GameID=1022500071&GameEventID=467&Season=2025&title=Rivers 15' Pullup Jump Shot (7 PTS)&SeasonType=Regular Season&LeagueID=10,Rivers 15' Pullup Jump Shot (7 PTS),4,8:11,58 - 71,,,,,
314,https://stats.wnba.com/events/?flag=1&GameID=1022500071&GameEventID=468&Season=2025&title=Rivers P.FOUL (P3.T1)&SeasonType=Regular Season&LeagueID=10,Rivers P.FOUL (P3.T1),4,8:00,,,,,,
315,,,4,7:55,,,https://stats.wnba.com/events/?flag=1&GameID=1022500071&GameEventID=470&Season=2025&title=MISS Mitchell Driving Finger Roll Layup&SeasonType=Regular Season&LeagueID=10,MISS Mitchell Driving Finger Roll Layup,,
316,https://stats.wnba.com/events/?flag=1&GameID=1022500071&GameEventID=471&Season=2025&title=Rivers REBOUND (Off:0 Def:3)&SeasonType=Regular Season&LeagueID=10,Rivers REBOUND (Off:0 Def:3),4,7:52,,,,,,
317,https://stats.wnba.com/events/?flag=1&GameID=1022500071&GameEventID=472&Season=2025&title=Brown 26' 3PT Running Pull-Up Jump Shot (12 PTS) (Rivers 3 AST)&SeasonType=Regular Season&LeagueID=10,Brown 26' 3PT Running Pull-Up Jump Shot (12 PTS) (Rivers 3 AST),4,7:46,61 - 71,,,,,
318,,,4,7:46,,,,,,
319,,,4,7:46,,,,,,
320,,,4,7:46,,,,,,
321,,,4,7:25,61 - 73,,https://stats.wnba.com/events/?flag=1&GameID=1022500071&GameEventID=479&Season=2025&title=Cunningham 1' Driving Finger Roll Layup (2 PTS) (Dantas 2 AST)&SeasonType=Regular Season&LeagueID=10,Cunningham 1' Driving Finger Roll Layup (2 PTS) (Dantas 2 AST),,
322,https://stats.wnba.com/events/?flag=1&GameID=1022500071&GameEventID=480&Season=2025&title=MISS Diaby 1' Layup&SeasonType=Regular Season&LeagueID=10,MISS Diaby 1' Layup,4,7:03,,,,,,
323,,,4,7:01,,,https://stats.wnba.com/events/?flag=1&GameID=1022500071&GameEventID=481&Season=2025&title=Boston REBOUND (Off:1 Def:7)&SeasonType=Regular Season&LeagueID=10,Boston REBOUND (Off:1 Def:7),,
324,https://stats.wnba.com/events/?flag=1&GameID=1022500071&GameEventID=483&Season=2025&title=Rivers P.FOUL (P4.T2)&SeasonType=Regular Season&LeagueID=10,Rivers P.FOUL (P4.T2),4,6:55,,,,,,
325,,,4,6:55,,,,,,
326,,,4,6:55,,,,,,
327,,,4,6:51,,,https://stats.wnba.com/events/?flag=1&GameID=1022500071&GameEventID=489&Season=2025&title=MISS Clark 28' 3PT Pullup Jump Shot&SeasonType=Regular Season&LeagueID=10,MISS Clark 28' 3PT Pullup Jump Shot,,
328,https://stats.wnba.com/events/?flag=1&GameID=1022500071&GameEventID=490&Season=2025&title=Mabrey REBOUND (Off:1 Def:7)&SeasonType=Regular Season&LeagueID=10,Mabrey REBOUND (Off:1 Def:7),4,6:47,,,,,,
329,https://stats.wnba.com/events/?flag=1&GameID=1022500071&GameEventID=491&Season=2025&title=MISS Rivers 3PT Jump Shot&SeasonType=Regular Season&LeagueID=10,MISS Rivers 3PT Jump Shot,4,6:29,,,,,,
330,,,4,6:27,,,https://stats.wnba.com/events/?flag=1&GameID=1022500071&GameEventID=492&Season=2025&title=Cunningham REBOUND (Off:1 Def:5)&SeasonType=Regular Season&LeagueID=10,Cunningham REBOUND (Off:1 Def:5),,
331,,,4,6:20,61 - 76,,https://stats.wnba.com/events/?flag=1&GameID=1022500071&GameEventID=493&Season=2025&title=Boston 25' 3PT Pullup Jump Shot (9 PTS) (Hull 1 AST)&SeasonType=Regular Season&LeagueID=10,Boston 25' 3PT Pullup Jump Shot (9 PTS) (Hull 1 AST),,
332,,,4,5:59,,,https://stats.wnba.com/events/?flag=1&GameID=1022500071&GameEventID=495&Season=2025&title=Hull S.FOUL (P3.T2)&SeasonType=Regular Season&LeagueID=10,Hull S.FOUL (P3.T2),,
333,https://stats.wnba.com/events/?flag=1&GameID=1022500071&GameEventID=497&Season=2025&title=Diaby Free Throw 1 of 2 (1 PTS)&SeasonType=Regular Season&LeagueID=10,Diaby Free Throw 1 of 2 (1 PTS),4,5:59,62 - 76,,,,,
334,,,4,5:59,,,,,,
335,,,4,5:59,,,,,,
336,https://stats.wnba.com/events/?flag=1&GameID=1022500071&GameEventID=502&Season=2025&title=Diaby Free Throw 2 of 2 (2 PTS)&SeasonType=Regular Season&LeagueID=10,Diaby Free Throw 2 of 2 (2 PTS),4,5:59,63 - 76,,,,,
337,https://stats.wnba.com/events/?flag=1&GameID=1022500071&GameEventID=503&Season=2025&title=Diaby P.FOUL (P1.T3)&SeasonType=Regular Season&LeagueID=10,Diaby P.FOUL (P1.T3),4,5:52,,,,,,
338,,,4,5:51,,,https://stats.wnba.com/events/?flag=1&GameID=1022500071&GameEventID=505&Season=2025&title=Clark Backcourt Turnover (P4.T14)&SeasonType=Regular Season&LeagueID=10,Clark Backcourt Turnover (P4.T14),,
339,https://stats.wnba.com/events/?flag=1&GameID=1022500071&GameEventID=506&Season=2025&title=MISS Brown 19' Pullup Jump Shot&SeasonType=Regular Season&LeagueID=10,MISS Brown 19' Pullup Jump Shot,4,5:35,,,,,,
340,https://stats.wnba.com/events/?flag=1&GameID=1022500071&GameEventID=507&Season=2025&title=Sheldon REBOUND (Off:2 Def:0)&SeasonType=Regular Season&LeagueID=10,Sheldon REBOUND (Off:2 Def:0),4,5:32,,,,,,
341,https://stats.wnba.com/events/?flag=1&GameID=1022500071&GameEventID=508&Season=2025&title=Mabrey Bad Pass Turnover (P4.T11)&SeasonType=Regular Season&LeagueID=10,Mabrey Bad Pass Turnover (P4.T11),4,5:24,,,https://stats.wnba.com/events/?flag=1&GameID=1022500071&GameEventID=508&Season=2025&title=Howard STEAL (1 STL)&SeasonType=Regular Season&LeagueID=10,Howard STEAL (1 STL),,
342,,,4,5:16,63 - 78,,https://stats.wnba.com/events/?flag=1&GameID=1022500071&GameEventID=510&Season=2025&title=Clark 11' Pullup Jump Shot (17 PTS)&SeasonType=Regular Season&LeagueID=10,Clark 11' Pullup Jump Shot (17 PTS),,
343,,Clark 11' Pullup Jump Shot (17 PTS),4,5:14,,,,,,
344,,,4,5:14,,,,,,
345,https://stats.wnba.com/events/?flag=1&GameID=1022500071&GameEventID=512&Season=2025&title=MISS Sheldon 27' 3PT Step Back Jump Shot&SeasonType=Regular Season&LeagueID=10,MISS Sheldon 27' 3PT Step Back Jump Shot,4,4:56,,,,,,
346,,,4,4:52,,,https://stats.wnba.com/events/?flag=1&GameID=1022500071&GameEventID=513&Season=2025&title=Cunningham REBOUND (Off:1 Def:6)&SeasonType=Regular Season&LeagueID=10,Cunningham REBOUND (Off:1 Def:6),,
347,https://stats.wnba.com/events/?flag=1&GameID=1022500071&GameEventID=514&Season=2025&title=Sheldon P.FOUL (P4.T4)&SeasonType=Regular Season&LeagueID=10,Sheldon P.FOUL (P4.T4),4,4:38,,,,,,
348,,,4,4:38,,,,,,
349,,,4,4:33,63 - 81,,https://stats.wnba.com/events/?flag=1&GameID=1022500071&GameEventID=519&Season=2025&title=Cunningham 24' 3PT Pullup Jump Shot (5 PTS)&SeasonType=Regular Season&LeagueID=10,Cunningham 24' 3PT Pullup Jump Shot (5 PTS),,
350,,,4,4:16,,,https://stats.wnba.com/events/?flag=1&GameID=1022500071&GameEventID=520&Season=2025&title=Clark S.FOUL (P3.T3)&SeasonType=Regular Season&LeagueID=10,Clark S.FOUL (P3.T3),,
351,https://stats.wnba.com/events/?flag=1&GameID=1022500071&GameEventID=522&Season=2025&title=Brown Free Throw 1 of 2 (13 PTS)&SeasonType=Regular Season&LeagueID=10,Brown Free Throw 1 of 2 (13 PTS),4,4:16,64 - 81,,,,,
352,https://stats.wnba.com/events/?flag=1&GameID=1022500071&GameEventID=523&Season=2025&title=MISS Brown Free Throw 2 of 2&SeasonType=Regular Season&LeagueID=10,MISS Brown Free Throw 2 of 2,4,4:16,,,,,,
353,,,4,4:14,,,https://stats.wnba.com/events/?flag=1&GameID=1022500071&GameEventID=524&Season=2025&title=Boston REBOUND (Off:1 Def:8)&SeasonType=Regular Season&LeagueID=10,Boston REBOUND (Off:1 Def:8),,
354,,,4,3:55,64 - 84,,https://stats.wnba.com/events/?flag=1&GameID=1022500071&GameEventID=525&Season=2025&title=Clark 28' 3PT Pullup Jump Shot (20 PTS)&SeasonType=Regular Season&LeagueID=10,Clark 28' 3PT Pullup Jump Shot (20 PTS),,
355,https://stats.wnba.com/events/?flag=1&GameID=1022500071&GameEventID=530&Season=2025&title=MISS Nelson-Ododa 14' Turnaround Jump Shot&SeasonType=Regular Season&LeagueID=10,MISS Nelson-Ododa 14' Turnaround Jump Shot,4,3:26,,,,,,
356,,,4,3:24,,,https://stats.wnba.com/events/?flag=1&GameID=1022500071&GameEventID=531&Season=2025&title=Hull REBOUND (Off:0 Def:3)&SeasonType=Regular Season&LeagueID=10,Hull REBOUND (Off:0 Def:3),,
357,,,4,3:24,,,,,,
358,,,4,3:24,,,,,,
359,,,4,3:24,,,,,,
360,,,4,3:24,,,,,,
361,,,4,3:24,,,,,,
362,,,4,3:24,,,,,,
363,,,4,3:12,,,https://stats.wnba.com/events/?flag=1&GameID=1022500071&GameEventID=546&Season=2025&title=Cunningham Step Out of Bounds Turnover (P3.T15)&SeasonType=Regular Season&LeagueID=10,Cunningham Step Out of Bounds Turnover (P3.T15),,
364,https://stats.wnba.com/events/?flag=1&GameID=1022500071&GameEventID=549&Season=2025&title=Nelson-Ododa 2' Cutting Layup Shot (10 PTS) (Rivers 4 AST)&SeasonType=Regular Season&LeagueID=10,Nelson-Ododa 2' Cutting Layup Shot (10 PTS) (Rivers 4 AST),4,3:00,66 - 84,,,,,
365,,,4,2:40,66 - 87,,https://stats.wnba.com/events/?flag=1&GameID=1022500071&GameEventID=551&Season=2025&title=Dantas 26' 3PT Jump Shot (12 PTS) (Hull 2 AST)&SeasonType=Regular Season&LeagueID=10,Dantas 26' 3PT Jump Shot (12 PTS) (Hull 2 AST),,
366,https://stats.wnba.com/events/?flag=1&GameID=1022500071&GameEventID=553&Season=2025&title=MISS Sheldon 26' 3PT Jump Shot&SeasonType=Regular Season&LeagueID=10,MISS Sheldon 26' 3PT Jump Shot,4,2:25,,,,,,
367,https://stats.wnba.com/events/?flag=1&GameID=1022500071&GameEventID=554&Season=2025&title=Nelson-Ododa REBOUND (Off:5 Def:2)&SeasonType=Regular Season&LeagueID=10,Nelson-Ododa REBOUND (Off:5 Def:2),4,2:23,,,,,,
368,https://stats.wnba.com/events/?flag=1&GameID=1022500071&GameEventID=555&Season=2025&title=Nelson-Ododa Tip Layup Shot (12 PTS)&SeasonType=Regular Season&LeagueID=10,Nelson-Ododa Tip Layup Shot (12 PTS),4,2:23,68 - 87,,,,,
369,,,4,2:23,,,,,,
370,,,4,2:23,,,,,,
371,,,4,2:23,,,,,,
372,,,4,2:00,,,https://stats.wnba.com/events/?flag=1&GameID=1022500071&GameEventID=561&Season=2025&title=MISS Dantas 26' 3PT Jump Shot&SeasonType=Regular Season&LeagueID=10,MISS Dantas 26' 3PT Jump Shot,,
373,,,4,1:59,,,https://stats.wnba.com/events/?flag=1&GameID=1022500071&GameEventID=562&Season=2025&title=FEVER Rebound&SeasonType=Regular Season&LeagueID=10,FEVER Rebound,,
374,,,4,1:59,,,https://stats.wnba.com/events/?flag=1&GameID=1022500071&GameEventID=563&Season=2025&title=FEVER Turnover: Shot Clock (T#16)&SeasonType=Regular Season&LeagueID=10,FEVER Turnover: Shot Clock (T#16),,
375,,,4,1:59,,,,,,
376,https://stats.wnba.com/events/?flag=1&GameID=1022500071&GameEventID=566&Season=2025&title=Nelson-Ododa 5' Turnaround Jump Shot (14 PTS) (Rivers 5 AST)&SeasonType=Regular Season&LeagueID=10,Nelson-Ododa 5' Turnaround Jump Shot (14 PTS) (Rivers 5 AST),4,1:45,70 - 87,,,,,
377,,,4,1:29,,,https://stats.wnba.com/events/?flag=1&GameID=1022500071&GameEventID=567&Season=2025&title=MISS Colson 26' 3PT Jump Shot&SeasonType=Regular Season&LeagueID=10,MISS Colson 26' 3PT Jump Shot,,
378,https://stats.wnba.com/events/?flag=1&GameID=1022500071&GameEventID=568&Season=2025&title=Nelson-Ododa REBOUND (Off:5 Def:3)&SeasonType=Regular Season&LeagueID=10,Nelson-Ododa REBOUND (Off:5 Def:3),4,1:25,,,,,,
379,https://stats.wnba.com/events/?flag=1&GameID=1022500071&GameEventID=569&Season=2025&title=Allen Bad Pass Turnover (P1.T12)&SeasonType=Regular Season&LeagueID=10,Allen Bad Pass Turnover (P1.T12),4,1:17,,,https://stats.wnba.com/events/?flag=1&GameID=1022500071&GameEventID=569&Season=2025&title=Cunningham STEAL (1 STL)&SeasonType=Regular Season&LeagueID=10,Cunningham STEAL (1 STL),,
380,https://stats.wnba.com/events/?flag=1&GameID=1022500071&GameEventID=571&Season=2025&title=Rivers BLOCK (1 BLK)&SeasonType=Regular Season&LeagueID=10,Rivers BLOCK (1 BLK),4,1:09,,,https://stats.wnba.com/events/?flag=1&GameID=1022500071&GameEventID=571&Season=2025&title=MISS Dantas 2' Driving Layup&SeasonType=Regular Season&LeagueID=10,MISS Dantas 2' Driving Layup,,
381,,,4,1:06,,,https://stats.wnba.com/events/?flag=1&GameID=1022500071&GameEventID=573&Season=2025&title=Colson REBOUND (Off:1 Def:0)&SeasonType=Regular Season&LeagueID=10,Colson REBOUND (Off:1 Def:0),,
382,,Colson REBOUND (Off:1 Def:0),4,0:59,,,,,,
383,https://stats.wnba.com/events/?flag=1&GameID=1022500071&GameEventID=575&Season=2025&title=Sheldon STEAL (3 STL)&SeasonType=Regular Season&LeagueID=10,Sheldon STEAL (3 STL),4,0:49,,,https://stats.wnba.com/events/?flag=1&GameID=1022500071&GameEventID=575&Season=2025&title=Colson Lost Ball Turnover (P3.T17)&SeasonType=Regular Season&LeagueID=10,Colson Lost Ball Turnover (P3.T17),,
384,,,4,0:46,,,https://stats.wnba.com/events/?flag=1&GameID=1022500071&GameEventID=578&Season=2025&title=Cunningham FLAGRANT.FOUL.TYPE2 (P5.T4)&SeasonType=Regular Season&LeagueID=10,Cunningham FLAGRANT.FOUL.TYPE2 (P5.T4),,
385,,,4,0:46,70 - 87,Instant Replay4th Period (9:08 PM EST),,,,
386,,,4,0:46,70 - 87,Instant Replay4th Period (9:14 PM EST),,,,
387,https://stats.wnba.com/events/?flag=1&GameID=1022500071&GameEventID=583&Season=2025&title=Allen T.FOUL (P1.T4)&SeasonType=Regular Season&LeagueID=10,Allen T.FOUL (P1.T4),4,0:46,,,,,,
388,,,4,0:46,,,,,,
389,,,4,0:46,,,https://stats.wnba.com/events/?flag=1&GameID=1022500071&GameEventID=585&Season=2025&title=MISS Dantas Free Throw Technical&SeasonType=Regular Season&LeagueID=10,MISS Dantas Free Throw Technical,,
390,,MISS Dantas Free Throw Technical,4,0:46,,,,,,
391,,,4,0:46,70 - 88,,https://stats.wnba.com/events/?flag=1&GameID=1022500071&GameEventID=587&Season=2025&title=Dantas Free Throw Technical (13 PTS)&SeasonType=Regular Season&LeagueID=10,Dantas Free Throw Technical (13 PTS),,
392,,Dantas Free Throw Technical (13 PTS),4,0:46,,,,,,
393,,,4,0:46,,,,,,
394,,,4,0:46,,,,,,
395,,,4,0:46,,,,,,
396,,,4,0:46,,,,,,
397,https://stats.wnba.com/events/?flag=1&GameID=1022500071&GameEventID=592&Season=2025&title=MISS Marshall Free Throw Flagrant 1 of 2&SeasonType=Regular Season&LeagueID=10,MISS Marshall Free Throw Flagrant 1 of 2,4,0:46,,,,,,
398,,,4,0:46,,,,,,
399,https://stats.wnba.com/events/?flag=1&GameID=1022500071&GameEventID=594&Season=2025&title=Marshall Free Throw Flagrant 2 of 2 (1 PTS)&SeasonType=Regular Season&LeagueID=10,Marshall Free Throw Flagrant 2 of 2 (1 PTS),4,0:46,71 - 88,,,,,
400,,,4,0:46,,,,,,
401,https://stats.wnba.com/events/?flag=1&GameID=1022500071&GameEventID=597&Season=2025&title=MISS Marshall 12' Pullup Jump Shot&SeasonType=Regular Season&LeagueID=10,MISS Marshall 12' Pullup Jump Shot,4,0:35,,,,,,
402,,,4,0:32,,,https://stats.wnba.com/events/?flag=1&GameID=1022500071&GameEventID=598&Season=2025&title=Timpson REBOUND (Off:0 Def:1)&SeasonType=Regular Season&LeagueID=10,Timpson REBOUND (Off:0 Def:1),,
403,,,4,0:09,,,https://stats.wnba.com/events/?flag=1&GameID=1022500071&GameEventID=601&Season=2025&title=FEVER Turnover: Shot Clock (T#18)&SeasonType=Regular Season&LeagueID=10,FEVER Turnover: Shot Clock (T#18),,
404,,,4,0:00,71 - 88,End of 4th Period (9:18 PM EST),,,,
