id,home_team,away_team,home_team_abv,away_team_abv,datetime,home_team_id,away_team_id,headline_ids,headline_count
1022500001, Atlanta Dream,Washington Mystics,ATL,WAS,2025-05-16,20,16,"[929, 931, 8132]",3
1022500002, Minnesota Lynx,Dallas Wings,MIN,DAL,2025-05-16,8,3,"[928, 933, 935, 2386, 2388, 2391, 2392, 2395, 4784, 4788, 6578, 6579, 6580, 8129]",14
1022500003, Los Angeles Sparks,Golden State Valkyries,LAS,GSV,2025-05-16,6,129689,"[930, 932, 2387, 6576, 6577, 6584, 8128]",7
1022500004, Chicago Sky,Indiana Fever,CHI,IND,2025-05-17,19,5,"[922, 923, 924, 2378, 2379, 2380, 2381, 2382, 3297, 3298, 3299, 3300, 3301, 3302, 3303, 3304, 3305, 3306, 3307, 3308, 4775, 4776, 4778, 4779, 4781, 4785, 6559, 6560, 6562, 6563, 6564, 6565, 6566, 6567, 6568, 6569, 6570, 6571, 6575, 8122, 8123, 8124, 8125, 8130]",44
1022500005, Las Vegas Aces,New York Liberty,LVA,NYL,2025-05-17,17,9,"[926, 927, 2384, 4777, 4780, 4783, 6573, 6574, 8127]",9
1022500006, Seattle Storm,Phoenix Mercury,SEA,PHX,2025-05-17,14,11,"[921, 2383, 8126]",3
1022500007, Washington Mystics,Connecticut Sun,WAS,CON,2025-05-18,16,18,"[919, 6561]",2
1022500008, Minnesota Lynx,Los Angeles Sparks,MIN,LAS,2025-05-18,8,6,"[918, 2377]",2
1022500009, Seattle Storm,Dallas Wings,SEA,DAL,2025-05-19,14,3,"[914, 4770, 6548, 6549, 6551, 6552, 6558, 8118]",8
1022500010, Las Vegas Aces,Connecticut Sun,LVA,CON,2025-05-20,17,18,"[909, 6541]",2
1022500011, Atlanta Dream,Indiana Fever,ATL,IND,2025-05-20,20,5,"[907, 908, 911, 916, 2371, 2373, 3284, 3285, 3286, 3287, 3288, 3289, 3290, 3291, 3292, 4759, 4761, 4762, 4763, 4765, 4767, 4768, 4769, 4771, 6533, 6534, 6535, 6537, 6538, 6542, 6543, 6544, 6545, 6546, 6547, 6550, 6587, 8113, 8115, 8116, 8117]",41
1022500012, Dallas Wings,Minnesota Lynx,DAL,MIN,2025-05-21,3,8,"[903, 905, 2367, 2368, 6527, 6529, 6536, 6540, 8111, 8114]",10
1022500013, Washington Mystics,Golden State Valkyries,WAS,GSV,2025-05-21,16,129689,"[899, 902, 904, 6539]",4
1022500014, Los Angeles Sparks,Phoenix Mercury,LAS,PHX,2025-05-21,6,11,"[900, 901, 8112]",3
1022500015, Indiana Fever,Atlanta Dream,IND,ATL,2025-05-22,5,20,"[895, 897, 898, 2364, 2366, 3279, 3280, 3282, 3283, 4746, 4750, 4752, 4754, 4755, 4758, 6519, 6522, 6523, 6524, 6525, 6526, 6528, 6530, 6531, 6532, 8107, 8109, 8110]",28
1022500016, New York Liberty,Chicago Sky,NYL,CHI,2025-05-22,9,19,"[896, 2365, 3278, 4747, 4749, 4751, 4753, 4756, 4757, 6520, 6521, 8108]",12
1022500017, Connecticut Sun,Minnesota Lynx,CON,MIN,2025-05-23,18,8,[894],1
1022500018, Washington Mystics,Las Vegas Aces,WAS,LVA,2025-05-23,16,17,"[890, 892, 4748, 8106]",4
1022500019, Golden State Valkyries,Los Angeles Sparks,GSV,LAS,2025-05-23,129689,6,"[888, 891, 2361, 2362]",4
1022500020, Phoenix Mercury,Seattle Storm,PHX,SEA,2025-05-23,11,14,"[889, 893]",2
1022500021, New York Liberty,Indiana Fever,NYL,IND,2025-05-24,9,5,"[887, 2358, 2359, 2360, 3271, 3272, 3274, 3275, 3276, 3277, 4115, 4737, 4738, 4739, 4740, 4741, 4743, 4744, 4745, 6510, 6512, 6513, 6514, 6515, 6516, 6517, 8104, 8105]",28
1022500022, Dallas Wings,Atlanta Dream,DAL,ATL,2025-05-24,3,20,"[886, 3273, 4742, 6511]",4
1022500023, Connecticut Sun,Atlanta Dream,CON,ATL,2025-05-25,18,20,[885],1
1022500024, Chicago Sky,Los Angeles Sparks,CHI,LAS,2025-05-25,19,6,"[883, 3270, 4736, 6508, 6509]",5
1022500025, Washington Mystics,Phoenix Mercury,WAS,PHX,2025-05-25,16,11,[882],1
1022500026, Las Vegas Aces,Seattle Storm,LVA,SEA,2025-05-25,17,14,[884],1
1022500027, Dallas Wings,Connecticut Sun,DAL,CON,2025-05-27,3,18,"[868, 874, 876, 2356, 6492, 6493, 6494, 6496, 6500, 6502, 8101]",11
1022500028, Golden State Valkyries,New York Liberty,GSV,NYL,2025-05-27,129689,9,"[869, 873, 3268, 4729, 4730, 4731]",6
1022500029, Seattle Storm,Minnesota Lynx,SEA,MIN,2025-05-27,14,8,"[872, 2354, 2355, 8098, 8103]",5
1022500030, Atlanta Dream,Los Angeles Sparks,ATL,LAS,2025-05-27,20,6,"[870, 3265]",2
1022500031, Chicago Sky,Phoenix Mercury,CHI,PHX,2025-05-27,19,11,"[871, 875, 2353, 2995, 3264, 3266, 4732, 6487, 6491, 6497, 6498, 6501, 8100]",13
1022500032, Indiana Fever,Washington Mystics,IND,WAS,2025-05-28,5,16,"[867, 2351, 2352, 3267, 4113, 4723, 4725, 4727, 6479, 6481, 6482, 6484, 6489, 6490, 6495, 8096, 8099]",17
1022500033, Golden State Valkyries,New York Liberty,GSV,NYL,2025-05-29,129689,9,"[863, 4720, 4721, 4724, 4726, 6483, 8093, 8095]",8
1022500034, Dallas Wings,Chicago Sky,DAL,CHI,2025-05-29,3,19,"[859, 861, 862, 2349, 4717, 6473, 6474, 6476, 6480, 6485, 8090, 8092, 8094, 8097]",14
1022500035, Connecticut Sun,Indiana Fever,CON,IND,2025-05-30,18,5,"[852, 857, 4718, 6471, 6477, 8088]",6
1022500036, New York Liberty,Washington Mystics,NYL,WAS,2025-05-30,9,16,"[858, 860, 4714, 4715, 4716, 4719, 6472, 6475, 6478]",9
1022500037, Los Angeles Sparks,Las Vegas Aces,LAS,LVA,2025-05-30,6,17,"[855, 856, 6470]",3
1022500038, Minnesota Lynx,Phoenix Mercury,MIN,PHX,2025-05-30,8,11,"[851, 854, 8089]",3
1022500039, Atlanta Dream,Seattle Storm,ATL,SEA,2025-05-30,20,14,"[850, 853]",2
1022500040, Chicago Sky,Dallas Wings,CHI,DAL,2025-05-31,19,3,"[849, 3262, 3263, 4112]",4
1022500041, Connecticut Sun,New York Liberty,CON,NYL,2025-06-01,18,9,"[847, 848, 2348, 4708, 4709, 4710, 4712, 4713, 8087]",9
1022500042, Phoenix Mercury,Los Angeles Sparks,PHX,LAS,2025-06-01,11,6,[846],1
1022500043, Las Vegas Aces,Seattle Storm,LVA,SEA,2025-06-01,17,14,[845],1
1022500044, Minnesota Lynx,Golden State Valkyries,MIN,GSV,2025-06-01,8,129689,[844],1
1022500045, Washington Mystics,Indiana Fever,WAS,IND,2025-06-03,16,5,"[837, 840, 3259, 4705]",4
1022500046, Phoenix Mercury,Minnesota Lynx,PHX,MIN,2025-06-03,11,8,"[839, 842]",2
1022500047, Dallas Wings,Seattle Storm,DAL,SEA,2025-06-03,3,14,"[838, 2347, 4707]",3
1022500048, New York Liberty,Washington Mystics,NYL,WAS,2025-06-05,9,16,"[832, 4697, 4698, 4699, 4701, 4702, 4703, 6469, 8084]",9
1022500049, Golden State Valkyries,Phoenix Mercury,GSV,PHX,2025-06-05,129689,11,"[829, 831, 6464, 6468]",4
1022500050, Atlanta Dream,Connecticut Sun,ATL,CON,2025-06-06,20,18,"[825, 827, 3253, 4695, 6466]",5
1022500051, Los Angeles Sparks,Dallas Wings,LAS,DAL,2025-06-06,6,3,"[824, 826, 6461, 6462, 6463]",5
1022500052, Las Vegas Aces,Golden State Valkyries,LVA,GSV,2025-06-07,17,129689,[823],1
1022500053, Indiana Fever,Chicago Sky,IND,CHI,2025-06-07,5,19,"[817, 821, 822, 2338, 2339, 2340, 3250, 3251, 4693, 6453, 6456, 6457, 6458, 6459, 6460]",15
1022500054, Seattle Storm,Phoenix Mercury,SEA,PHX,2025-06-07,14,11,[820],1
1022500055, Connecticut Sun,Washington Mystics,CON,WAS,2025-06-08,18,16,"[819, 6455]",2
1022500056, Minnesota Lynx,Dallas Wings,MIN,DAL,2025-06-08,8,3,"[818, 6454]",2
1022500057, Golden State Valkyries,Los Angeles Sparks,GSV,LAS,2025-06-09,129689,6,"[811, 813, 3246, 4686, 6448, 6452, 8073]",7
1022500058, Indiana Fever,Atlanta Dream,IND,ATL,2025-06-10,5,20,"[807, 2332, 2333, 6444, 6449, 8072]",6
1022500059, Chicago Sky,New York Liberty,CHI,NYL,2025-06-10,19,9,"[805, 806, 809, 2330, 2335, 4680, 4681, 4682, 4683, 4684, 4685, 4687, 4688, 4689, 6438, 6441, 6442, 6443, 6446, 8074, 8077]",21
1022500060, Los Angeles Sparks,Las Vegas Aces,LAS,LVA,2025-06-11,6,17,"[800, 801, 4679, 6440]",4
1022500061, Dallas Wings,Phoenix Mercury,DAL,PHX,2025-06-11,3,11,"[802, 804, 2329, 4677, 6432, 6433, 6435, 8075]",8
1022500062, Minnesota Lynx,Seattle Storm,MIN,SEA,2025-06-11,8,14,"[803, 2331, 6434, 8071, 8076]",5
1022500063, Chicago Sky,Atlanta Dream,CHI,ATL,2025-06-13,19,20,"[793, 794, 796, 2326, 4673, 6421, 6431]",7
1022500064, Dallas Wings,Las Vegas Aces,DAL,LVA,2025-06-13,3,17,"[791, 795, 797, 2323, 6422, 6423, 6427, 8066, 8069]",9
1022500065, Los Angeles Sparks,Minnesota Lynx,LAS,MIN,2025-06-14,6,8,"[789, 2320, 2322]",3
1022500066, New York Liberty,Indiana Fever,NYL,IND,2025-06-14,9,5,"[788, 2318, 2319, 2321, 3243, 4666, 4667, 4668, 4669, 4670, 6403, 6405, 6408, 6409, 6410, 6411, 6412, 6413, 6414, 6415, 6416, 6417, 6418, 6419, 6420, 8064, 8065]",27
1022500067, Seattle Storm,Golden State Valkyries,SEA,GSV,2025-06-14,14,129689,"[787, 790, 8062]",3
1022500068, Chicago Sky,Connecticut Sun,CHI,CON,2025-06-15,19,18,"[782, 786, 2312, 2316, 6400, 6404, 6406, 6407, 8063]",9
1022500069, Atlanta Dream,Washington Mystics,ATL,WAS,2025-06-15,20,16,"[779, 785, 2313, 4664]",4
1022500070, Phoenix Mercury,Las Vegas Aces,PHX,LVA,2025-06-15,11,17,[784],1
1022500071, Connecticut Sun,Indiana Fever,CON,IND,2025-06-17,18,5,"[765, 773, 2300, 2302, 2304, 2305, 2309, 2311, 3237, 3240, 3241, 4111, 4652, 4653, 4654, 4656, 4658, 4660, 6381, 6382, 6385, 6386, 6387, 6388, 6389, 6390, 6392, 6393, 6394, 6395, 6396, 8050, 8054, 8057, 8058, 8059, 8061]",37
1022500072, Atlanta Dream,New York Liberty,ATL,NYL,2025-06-17,20,9,"[772, 775, 2301, 2303, 2308, 2310, 4655, 4657, 4662, 4663, 6397, 6398, 8060]",13
1022500073, Washington Mystics,Chicago Sky,WAS,CHI,2025-06-17,16,19,"[771, 3242, 4661, 6383, 6399, 8056]",6
1022500074, Golden State Valkyries,Dallas Wings,GSV,DAL,2025-06-17,129689,3,"[766, 769, 776, 6384, 6391, 8055]",6
1022500075, Las Vegas Aces,Minnesota Lynx,LVA,MIN,2025-06-17,17,8,"[770, 2306, 3238]",3
1022500076, Seattle Storm,Los Angeles Sparks,SEA,LAS,2025-06-17,14,6,"[768, 2307, 3239]",3
1022500077, Phoenix Mercury,Connecticut Sun,PHX,CON,2025-06-18,11,18,"[762, 764, 767]",3
1022500078, Phoenix Mercury,New York Liberty,PHX,NYL,2025-06-19,11,9,"[756, 758, 763, 4636, 4638, 4639, 4640, 4642, 4643, 4645, 4649, 4651, 6376, 8052]",14
1022500079, Indiana Fever,Golden State Valkyries,IND,GSV,2025-06-19,5,129689,"[754, 757, 759, 2296, 3230, 3232, 3234, 3235, 3236, 4110, 4635, 4637, 4641, 4644, 4646, 4647, 4650, 6370, 6371, 6373, 6375, 6377, 6378, 6379, 6380, 8049, 8051, 8053]",28
1022500080, Washington Mystics,Atlanta Dream,WAS,ATL,2025-06-20,16,20,"[748, 752, 6374]",3
1022500081, Dallas Wings,Connecticut Sun,DAL,CON,2025-06-20,3,18,"[749, 751, 3231, 6363, 6366, 6368]",6
1022500082, Seattle Storm,Las Vegas Aces,SEA,LVA,2025-06-20,14,17,"[746, 750]",2
1022500083, Phoenix Mercury,Chicago Sky,PHX,CHI,2025-06-21,11,19,"[745, 6367, 8046]",3
1022500084, Los Angeles Sparks,Minnesota Lynx,LAS,MIN,2025-06-21,6,8,"[743, 6365]",2
1022500085, Chicago Sky,Atlanta Dream,CHI,ATL,2025-06-22,19,20,"[735, 741, 742, 3226]",4
1022500086, Dallas Wings,Washington Mystics,DAL,WAS,2025-06-22,3,16,"[733, 734, 739]",3
1022500087, Indiana Fever,Las Vegas Aces,IND,LVA,2025-06-22,5,17,"[736, 740, 2290, 2294, 3223, 3225, 3227, 4629, 4630, 6357, 6359, 6360, 6361, 6362, 8043, 8044]",16
1022500088, New York Liberty,Seattle Storm,NYL,SEA,2025-06-22,9,14,"[738, 2292, 4627, 4628, 4631, 4632, 8045]",7
1022500089, Connecticut Sun,Golden State Valkyries,CON,GSV,2025-06-22,18,129689,[737],1
1022500090, Minnesota Lynx,Washington Mystics,MIN,WAS,2025-06-24,8,16,"[727, 2286, 6343, 8042]",4
1022500091, Los Angeles Sparks,Chicago Sky,LAS,CHI,2025-06-24,6,19,"[725, 728, 2288, 3219, 3222, 6350, 6356, 8040]",8
1022500092, Atlanta Dream,Dallas Wings,ATL,DAL,2025-06-24,20,3,"[722, 726]",2
1022500093, Indiana Fever,Seattle Storm,IND,SEA,2025-06-24,5,14,"[723, 724, 729, 2285, 2287, 3220, 3221, 4618, 4619, 4620, 4622, 4623, 4624, 6344, 6345, 6346, 6347, 6348, 6351, 6352, 6353, 8034, 8035, 8036, 8037, 8038]",26
1022500094, New York Liberty,Golden State Valkyries,NYL,GSV,2025-06-25,9,129689,"[719, 720, 2280, 4615, 4616, 4617]",6
1022500095, Connecticut Sun,Las Vegas Aces,CON,LVA,2025-06-25,18,17,"[715, 721, 6349]",3
1022500096, Los Angeles Sparks,Indiana Fever,LAS,IND,2025-06-26,6,5,"[713, 714, 2281, 2282, 3217, 3218, 4611, 4612, 4614, 6331, 6333, 6335, 6336, 6337, 6338, 6339, 6340, 8032]",18
1022500097, Washington Mystics,Las Vegas Aces,WAS,LVA,2025-06-26,16,17,"[712, 716, 4610, 6341, 8030]",5
1022500098, Minnesota Lynx,Atlanta Dream,MIN,ATL,2025-06-27,8,20,"[697, 700, 706, 2274]",4
1022500099, Indiana Fever,Dallas Wings,IND,DAL,2025-06-27,5,3,"[694, 707, 709, 711, 2275, 2277, 2278, 3214, 3215, 4604, 4606, 4609, 6320, 6322, 6323, 6324, 6325, 6327, 6328, 6329, 8024, 8026, 8027, 8028]",24
1022500100, Chicago Sky,Golden State Valkyries,CHI,GSV,2025-06-27,19,129689,"[701, 702, 2271, 2272, 3216, 4603, 4607, 6326]",8
1022500101, New York Liberty,Phoenix Mercury,NYL,PHX,2025-06-27,9,11,"[696, 703, 2276, 4601, 4605, 4608, 4613]",7
1022500102, Connecticut Sun,Seattle Storm,CON,SEA,2025-06-27,18,14,"[699, 704, 705]",3
1022500103, Washington Mystics,Dallas Wings,WAS,DAL,2025-06-28,16,3,"[693, 698, 4602, 6318, 6319, 6321]",6
1022500104, New York Liberty,Atlanta Dream,NYL,ATL,2025-06-29,9,20,"[690, 4599, 8017]",3
1022500105, Chicago Sky,Los Angeles Sparks,CHI,LAS,2025-06-29,19,6,"[689, 691, 2265, 4596, 4600, 6311, 6312, 6314, 6315, 8021, 8022]",11
1022500106, Las Vegas Aces,Phoenix Mercury,LVA,PHX,2025-06-29,17,11,"[682, 688, 2263, 2270, 6308, 6313, 8020]",7
1022500107, Connecticut Sun,Minnesota Lynx,CON,MIN,2025-06-29,18,8,"[685, 687, 692, 2260, 2261, 2268, 6316, 8023]",8
1022500108, Seattle Storm,Golden State Valkyries,SEA,GSV,2025-06-29,14,129689,"[680, 686, 6309]",3
1022500109, Las Vegas Aces,Indiana Fever,LVA,IND,2025-07-03,17,5,"[658, 659, 664, 2244, 2249, 3205, 3206, 3207, 4575, 4576, 4578, 4581, 6276, 6277, 6278, 6281, 8001, 8003, 8005]",19
1022500110, Los Angeles Sparks,New York Liberty,LAS,NYL,2025-07-03,6,9,"[665, 4573, 4574, 4577, 4579, 4580, 4583, 4584, 6279, 8004]",10
1022500111, Seattle Storm,Atlanta Dream,SEA,ATL,2025-07-03,14,20,[663],1
1022500112, Phoenix Mercury,Dallas Wings,PHX,DAL,2025-07-03,11,3,"[661, 4582, 6280, 6282, 8002]",5
1022500113, Washington Mystics,Minnesota Lynx,WAS,MIN,2025-07-03,16,8,"[660, 662]",2
1022500114, Los Angeles Sparks,Indiana Fever,LAS,IND,2025-07-05,6,5,"[655, 2243, 3201, 3202, 3203, 3204, 4564, 4567, 4570, 4572, 6268, 6270, 6271, 6273, 6275, 8000]",16
1022500115, Golden State Valkyries,Minnesota Lynx,GSV,MIN,2025-07-05,129689,8,"[653, 654]",2
1022500116, Las Vegas Aces,Connecticut Sun,LVA,CON,2025-07-06,17,18,[648],1
1022500117, Seattle Storm,New York Liberty,SEA,NYL,2025-07-06,14,9,"[646, 650, 2241, 4559, 4562, 4566, 4568, 4569, 6266]",9
1022500118, Chicago Sky,Minnesota Lynx,CHI,MIN,2025-07-06,19,8,"[645, 647, 651, 3197, 3198, 4560, 4563, 4565, 6263, 6265, 6267, 6272, 6274, 7998, 7999]",15
1022500119, Golden State Valkyries,Atlanta Dream,GSV,ATL,2025-07-07,129689,20,"[642, 2236, 6255, 7995]",4
1022500120, Dallas Wings,Phoenix Mercury,DAL,PHX,2025-07-07,3,11,"[633, 640, 641, 643, 2239, 2240, 4558, 6257, 6261, 6264, 7996]",11
1022500121, Chicago Sky,Washington Mystics,CHI,WAS,2025-07-08,19,16,"[630, 636, 2237, 3193, 4554, 6249, 6254]",7
1022500122, Las Vegas Aces,New York Liberty,LVA,NYL,2025-07-08,17,9,"[631, 637, 2234, 4543, 4548, 4550, 4551, 4553, 4557, 6250, 7993, 7994]",12
1022500123, Seattle Storm,Connecticut Sun,SEA,CON,2025-07-09,14,18,"[621, 627]",2
1022500124, Golden State Valkyries,Indiana Fever,GSV,IND,2025-07-09,129689,5,"[622, 626, 2228, 2229, 2230, 2233, 3188, 3189, 3190, 3191, 3194, 4541, 4544, 4545, 4547, 4549, 6234, 6235, 6236, 6240, 6241, 6243, 6245, 6246, 6251, 6252, 7991]",27
1022500125, Minnesota Lynx,Phoenix Mercury,MIN,PHX,2025-07-09,8,11,[625],1
1022500126, Dallas Wings,Chicago Sky,DAL,CHI,2025-07-09,3,19,"[624, 628, 629, 2231, 3195, 4546, 6238, 6242, 6244, 6247, 6248, 7990, 7992]",13
1022500127, Minnesota Lynx,Los Angeles Sparks,MIN,LAS,2025-07-10,8,6,"[616, 619, 623]",3
1022500128, Las Vegas Aces,Washington Mystics,LVA,WAS,2025-07-10,17,16,"[618, 620, 4542, 6232, 6233, 6237, 7988, 7989]",8
1022500129, Atlanta Dream,Indiana Fever,ATL,IND,2025-07-11,20,5,"[610, 612, 615, 2226, 3185, 3186, 3187, 4533, 4534, 4537, 4539, 6229, 6230, 6231, 7987]",15
1022500130, Connecticut Sun,Seattle Storm,CON,SEA,2025-07-11,18,14,"[611, 613, 614]",3
1022500131, Minnesota Lynx,Chicago Sky,MIN,CHI,2025-07-12,8,19,"[606, 609, 4536, 6228, 7986]",5
1022500132, Golden State Valkyries,Las Vegas Aces,GSV,LVA,2025-07-12,129689,17,"[608, 2225, 3184, 4535]",4
1022500133, Dallas Wings,Indiana Fever,DAL,IND,2025-07-13,3,5,"[600, 604, 605, 2219, 2222, 2223, 2224, 3181, 3182, 4529, 6213, 6214, 6215, 6216, 6218, 6219, 6220, 6221, 6222, 6223, 6224, 6225, 7983, 7984, 7985]",25
1022500134, Atlanta Dream,New York Liberty,ATL,NYL,2025-07-13,20,9,"[603, 2218, 4530, 4531, 4532, 6211, 6212, 7981]",8
1022500135, Connecticut Sun,Los Angeles Sparks,CON,LAS,2025-07-13,18,6,[602],1
1022500136, Washington Mystics,Seattle Storm,WAS,SEA,2025-07-13,16,14,"[599, 601, 6226]",3
1022500137, Minnesota Lynx,Chicago Sky,MIN,CHI,2025-07-14,8,19,"[594, 595, 597, 598, 2213, 3180, 3183, 4526, 6208, 6217, 7982]",11
1022500138, Phoenix Mercury,Golden State Valkyries,PHX,GSV,2025-07-14,11,129689,"[593, 596, 2220, 6206, 6207]",5
1022500139, Indiana Fever,Connecticut Sun,IND,CON,2025-07-15,5,18,"[586, 587, 590, 2211, 2212, 2215, 2216, 3176, 3178, 4521, 4527, 6194, 6195, 6196, 6197, 6198, 6200, 6203, 6204, 6205, 7976, 7979]",22
1022500140, Washington Mystics,Los Angeles Sparks,WAS,LAS,2025-07-15,16,6,"[585, 6210]",2
1022500141, Atlanta Dream,Chicago Sky,ATL,CHI,2025-07-16,20,19,"[573, 580, 581, 2206, 2208, 3179, 6164, 6191, 6193, 7841]",10
1022500142, Phoenix Mercury,Minnesota Lynx,PHX,MIN,2025-07-16,11,8,"[579, 6159, 6173, 7970, 7972, 7977]",6
1022500143, Golden State Valkyries,Seattle Storm,GSV,SEA,2025-07-16,129689,14,[578],1
1022500144, Indiana Fever,New York Liberty,IND,NYL,2025-07-16,5,9,"[574, 577, 583, 584, 588, 2202, 2203, 2204, 2207, 2210, 3177, 4511, 4513, 4515, 4516, 4518, 4519, 4520, 4522, 4523, 4525, 6160, 6161, 6162, 6163, 6165, 6166, 6168, 6169, 6170, 6175, 6176, 6179, 6180, 6182, 6183, 6184, 6186, 6188, 6189, 6190, 6192, 6201, 7969, 7971, 7973, 7974, 7978]",48
1022500145, Las Vegas Aces,Dallas Wings,LVA,DAL,2025-07-16,17,3,"[576, 6172, 6174]",3
1022500146, Los Angeles Sparks,Washington Mystics,LAS,WAS,2025-07-22,6,16,"[539, 545, 547, 3164, 6097, 6105]",6
1022500147, Indiana Fever,New York Liberty,IND,NYL,2025-07-22,5,9,"[538, 542, 543, 546, 550, 2178, 2181, 2182, 4486, 4487, 4488, 6084, 6086, 6089, 6091, 6093, 6094, 6096, 6098, 6100, 6101, 6103, 7943, 7945, 7948]",25
1022500148, Chicago Sky,Minnesota Lynx,CHI,MIN,2025-07-22,19,8,"[537, 544, 2183, 4489, 6085, 6095, 7946]",7
1022500149, Atlanta Dream,Las Vegas Aces,ATL,LVA,2025-07-22,20,17,"[540, 6083]",2
1022500150, Dallas Wings,Seattle Storm,DAL,SEA,2025-07-22,3,14,[541],1
1022500151, Atlanta Dream,Phoenix Mercury,ATL,PHX,2025-07-23,20,11,"[533, 535, 536, 3165, 6082, 6087]",6
1022500152, Los Angeles Sparks,Connecticut Sun,LAS,CON,2025-07-24,6,18,"[530, 4482]",2
1022500153, Las Vegas Aces,Indiana Fever,LVA,IND,2025-07-24,17,5,"[525, 529, 532, 2174, 2177, 3162, 3163, 4105, 4480, 4483, 6073, 6076, 6078, 6080, 6081, 7941]",16
1022500154, Seattle Storm,Chicago Sky,SEA,CHI,2025-07-24,14,19,"[526, 528, 7940]",3
1022500155, Phoenix Mercury,New York Liberty,PHX,NYL,2025-07-25,11,9,"[515, 523, 4477, 4479, 4481, 7937]",6
1022500156, Las Vegas Aces,Minnesota Lynx,LVA,MIN,2025-07-25,17,8,"[518, 520, 522, 527]",4
1022500157, Dallas Wings,Golden State Valkyries,DAL,GSV,2025-07-25,3,129689,"[517, 521, 2173, 6074, 7935, 7938]",6
1022500158, Indiana Fever,Chicago Sky,IND,CHI,2025-07-27,5,19,"[501, 508, 2168, 2171, 3160, 3161, 4469, 6061, 6063, 6064, 6065, 6068, 6070, 7933]",14
1022500159, Los Angeles Sparks,New York Liberty,LAS,NYL,2025-07-26,6,9,"[512, 513, 514, 516, 2172, 4471, 4473, 4474, 4475, 4476, 6069, 6072, 7936]",13
1022500160, Seattle Storm,Washington Mystics,SEA,WAS,2025-07-26,14,16,[511],1
1022500161, Golden State Valkyries,Connecticut Sun,GSV,CON,2025-07-27,129689,18,"[509, 4470, 4472]",3
1022500162, Las Vegas Aces,Dallas Wings,LVA,DAL,2025-07-27,17,3,"[499, 507, 6062, 6071, 7930]",5
1022500163, Phoenix Mercury,Washington Mystics,PHX,WAS,2025-07-27,11,16,"[506, 510, 6067, 7932]",4
1022500164, Atlanta Dream,Minnesota Lynx,ATL,MIN,2025-07-27,20,8,"[503, 505, 7934]",3
1022500165, Seattle Storm,Connecticut Sun,SEA,CON,2025-07-28,14,18,"[498, 502, 7929]",3
1022500166, New York Liberty,Dallas Wings,NYL,DAL,2025-07-28,9,3,"[492, 497, 504, 2169, 4461, 4463, 4465, 4466, 6055, 6058, 6060, 6066, 7927, 7928, 7931]",15
1022500167, Golden State Valkyries,Atlanta Dream,GSV,ATL,2025-07-29,129689,20,"[489, 2165, 2167, 3158, 6052, 7924]",6
1022500168, Chicago Sky,Washington Mystics,CHI,WAS,2025-07-29,19,16,"[486, 491, 3159, 4457, 4464, 6046, 6051, 6056, 6059]",9
1022500169, Las Vegas Aces,Los Angeles Sparks,LVA,LAS,2025-07-29,17,6,"[488, 490, 493, 3157, 4462, 6053, 6054, 6057, 7925]",9
1022500170, Phoenix Mercury,Indiana Fever,PHX,IND,2025-07-30,11,5,"[480, 485, 3153, 3154, 3155, 3156, 4104, 4454, 4456, 6036, 6038, 6039, 6040, 6041, 6043, 6044, 6045, 6049, 6050, 7919, 7920]",21
1022500171, Atlanta Dream,Dallas Wings,ATL,DAL,2025-07-30,20,3,"[477, 479, 483, 487, 4451, 4460, 6037, 7923]",8
1022500172, New York Liberty,Minnesota Lynx,NYL,MIN,2025-07-30,9,8,"[478, 482, 484, 2164, 4449, 4450, 4452, 4453, 4455, 4459, 6042, 7921, 7922]",13
1022500173, Golden State Valkyries,Washington Mystics,GSV,WAS,2025-07-31,129689,16,[476],1
1022500174, Phoenix Mercury,Atlanta Dream,PHX,ATL,2025-08-01,11,20,"[461, 462, 466, 469, 2155]",5
1022500175, New York Liberty,Connecticut Sun,NYL,CON,2025-08-01,9,18,"[460, 464, 470, 473, 2157, 4102, 4440, 4445, 4447, 4448, 6033, 6034]",12
1022500176, Golden State Valkyries,Chicago Sky,GSV,CHI,2025-08-01,129689,19,"[468, 475, 2160, 3151, 4103, 7917]",6
1022500177, Indiana Fever,Dallas Wings,IND,DAL,2025-08-01,5,3,"[467, 471, 3152, 4443, 4444, 4446, 6035]",7
1022500178, Los Angeles Sparks,Seattle Storm,LAS,SEA,2025-08-01,6,14,"[463, 465, 2159]",3
1022500179, Minnesota Lynx,Las Vegas Aces,MIN,LVA,2025-08-02,8,17,"[456, 458, 459, 2153, 2156, 2158, 6031, 6032, 7914, 7915]",10
1022500180, Washington Mystics,Atlanta Dream,WAS,ATL,2025-08-03,16,20,"[448, 454, 4439]",3
1022500181, New York Liberty,Connecticut Sun,NYL,CON,2025-08-03,9,18,"[446, 451, 455, 2152, 4436, 4437, 4438, 6026, 6030, 7912, 7913]",11
1022500182, Phoenix Mercury,Chicago Sky,PHX,CHI,2025-08-03,11,19,"[447, 452]",2
1022500183, Golden State Valkyries,Las Vegas Aces,GSV,LVA,2025-08-03,129689,17,[450],1
1022500184, Indiana Fever,Seattle Storm,IND,SEA,2025-08-03,5,14,"[445, 449, 453, 2154, 3149, 6027, 6028, 6029]",8
1022500185, Dallas Wings,New York Liberty,DAL,NYL,2025-08-05,3,9,"[437, 438, 439, 4426, 4427, 4428, 4429, 4430, 4432, 4433, 4434, 6012, 6014, 7886]",14
1022500186, Washington Mystics,Chicago Sky,WAS,CHI,2025-08-05,16,19,"[431, 436, 2149, 6015, 6017, 6019, 7908]",7
1022500187, Indiana Fever,Los Angeles Sparks,IND,LAS,2025-08-05,5,6,"[429, 434, 435, 2148, 2151, 3145, 3146, 3147, 4424, 4425, 4431, 6009, 6010, 6013, 6016, 6018, 6021, 7905, 7907]",19
1022500188, Connecticut Sun,Phoenix Mercury,CON,PHX,2025-08-05,18,11,"[430, 432, 7909]",3
1022500189, Minnesota Lynx,Seattle Storm,MIN,SEA,2025-08-05,8,14,"[433, 440, 2150, 4435]",4
1022500190, Las Vegas Aces,Golden State Valkyries,LVA,GSV,2025-08-06,17,129689,"[428, 6011]",2
1022500191, Atlanta Dream,Chicago Sky,ATL,CHI,2025-08-07,20,19,"[415, 419, 420, 3137, 4412, 5998, 7899]",7
1022500192, Connecticut Sun,Los Angeles Sparks,CON,LAS,2025-08-07,18,6,"[416, 417, 424, 2146, 6007, 7902, 7903]",7
1022500193, Indiana Fever,Phoenix Mercury,IND,PHX,2025-08-07,5,11,"[418, 421, 423, 2142, 2985, 3136, 3140, 3143, 4408, 4410, 4415, 4418, 5999, 6000, 6001, 6002, 6003, 6004, 6005, 6006, 7895, 7896, 7898, 7904]",24
1022500194, New York Liberty,Dallas Wings,NYL,DAL,2025-08-08,9,3,"[410, 413, 414, 2143, 4405, 4406, 4407, 4409, 4411, 7897]",10
1022500195, Washington Mystics,Minnesota Lynx,WAS,MIN,2025-08-08,16,8,"[407, 412]",2
1022500196, Seattle Storm,Las Vegas Aces,SEA,LVA,2025-08-08,14,17,[411],1
1022500197, Los Angeles Sparks,Golden State Valkyries,LAS,GSV,2025-08-09,6,129689,[405],1
1022500198, Chicago Sky,Indiana Fever,CHI,IND,2025-08-09,19,5,"[406, 4404, 5996]",3
1022500199, Minnesota Lynx,New York Liberty,MIN,NYL,2025-08-10,8,9,"[401, 402, 403, 2138, 2141, 4402, 4403]",7
1022500200, Washington Mystics,Dallas Wings,WAS,DAL,2025-08-10,16,3,"[394, 400, 5997, 7890]",4
1022500201, Seattle Storm,Los Angeles Sparks,SEA,LAS,2025-08-10,14,6,"[398, 404]",2
1022500202, Atlanta Dream,Phoenix Mercury,ATL,PHX,2025-08-10,20,11,"[399, 7892]",2
1022500203, Connecticut Sun,Las Vegas Aces,CON,LVA,2025-08-10,18,17,"[396, 397, 2140, 5994, 5995, 7891]",6
1022500204, Connecticut Sun,Golden State Valkyries,CON,GSV,2025-08-11,18,129689,"[388, 391, 393, 5993, 7889]",5
1022500205, Dallas Wings,Indiana Fever,DAL,IND,2025-08-12,3,5,"[385, 3130, 4394, 5986, 5987, 5988, 5989, 5990, 5991, 5992]",10
1022500206, New York Liberty,Los Angeles Sparks,NYL,LAS,2025-08-12,9,6,"[384, 4395, 4396, 4397, 4398, 4399, 4400]",7
1022500207, Chicago Sky,Connecticut Sun,CHI,CON,2025-08-13,19,18,"[376, 382, 3131, 5984, 7881, 7883, 7884]",7
1022500208, Golden State Valkyries,Washington Mystics,GSV,WAS,2025-08-13,129689,16,"[378, 381]",2
1022500209, New York Liberty,Las Vegas Aces,NYL,LVA,2025-08-13,9,17,"[380, 383, 4390, 4392, 4393, 7888]",6
1022500210, Atlanta Dream,Seattle Storm,ATL,SEA,2025-08-13,20,14,"[375, 379, 7882, 7885]",4
1022500211, Washington Mystics,Indiana Fever,WAS,IND,2025-08-15,16,5,"[361, 365, 368, 371, 3124, 3125, 3126, 3127, 3128, 4379, 4380, 4381, 4384, 4385, 5980, 5981]",16
1022500212, Golden State Valkyries,Chicago Sky,GSV,CHI,2025-08-15,129689,19,"[370, 2133]",2
1022500213, Los Angeles Sparks,Dallas Wings,LAS,DAL,2025-08-15,6,3,"[362, 369, 5982, 7879]",4
1022500214, Seattle Storm,Atlanta Dream,SEA,ATL,2025-08-15,14,20,"[363, 364, 366, 7880]",4
1022500215, Las Vegas Aces,Phoenix Mercury,LVA,PHX,2025-08-15,17,11,"[367, 2134, 5979, 7877]",4
1022500216, New York Liberty,Minnesota Lynx,NYL,MIN,2025-08-16,9,8,"[360, 2132, 4377, 4378, 4382, 4383, 7876, 7878]",8
1022500217, Los Angeles Sparks,Washington Mystics,LAS,WAS,2025-08-17,6,16,"[349, 358, 4375]",3
1022500218, Indiana Fever,Connecticut Sun,IND,CON,2025-08-17,5,18,"[359, 2130, 3122, 3123, 4372, 4373, 4374, 4376, 5970, 5971, 5973, 5974, 5975, 5976, 5977, 5978, 7875]",17
1022500219, Dallas Wings,Las Vegas Aces,DAL,LVA,2025-08-17,3,17,"[357, 5969]",2
1022500220, Phoenix Mercury,Seattle Storm,PHX,SEA,2025-08-17,11,14,"[352, 355, 356, 5972, 7874]",5
1022500221, Atlanta Dream,Golden State Valkyries,ATL,GSV,2025-08-17,20,129689,"[350, 353, 354]",3
1022500222, Minnesota Lynx,New York Liberty,MIN,NYL,2025-08-19,8,9,"[338, 343, 345, 2129, 4363, 4364, 4365, 5959, 7868, 7870]",10
1022500223, Connecticut Sun,Washington Mystics,CON,WAS,2025-08-19,18,16,"[339, 2126, 2127, 3118, 3121, 4366, 4368, 5960, 7867, 7871, 7872]",11
1022500224, Seattle Storm,Chicago Sky,SEA,CHI,2025-08-19,14,19,"[336, 342, 3120, 5962, 7865, 7869]",6
1022500225, Atlanta Dream,Las Vegas Aces,ATL,LVA,2025-08-19,20,17,"[340, 5965, 5967, 7873]",4
1022500226, Phoenix Mercury,Golden State Valkyries,PHX,GSV,2025-08-19,11,129689,"[335, 337, 341, 5954, 7866]",5
1022500227, Dallas Wings,Los Angeles Sparks,DAL,LAS,2025-08-20,3,6,"[331, 332, 333, 2125, 4100, 5944, 5946, 5947, 5948, 5949, 5951, 5952, 5953, 5958, 7863]",15
1022500228, Washington Mystics,Connecticut Sun,WAS,CON,2025-08-21,16,18,"[321, 322, 328]",3
1022500229, Chicago Sky,New York Liberty,CHI,NYL,2025-08-21,19,9,"[327, 4350, 4351, 4352, 4354, 4355, 4356, 4358, 4360, 5940, 5942, 5943, 7861]",13
1022500230, Minnesota Lynx,Atlanta Dream,MIN,ATL,2025-08-21,8,20,"[320, 326, 7862]",3
1022500231, Phoenix Mercury,Las Vegas Aces,PHX,LVA,2025-08-21,11,17,"[325, 4098, 5950]",3
1022500232, Minnesota Lynx,Indiana Fever,MIN,IND,2025-08-22,8,5,"[315, 318, 323, 7858]",4
1022500233, Seattle Storm,Dallas Wings,SEA,DAL,2025-08-22,14,3,"[316, 319, 4353, 5941, 7859]",5
1022500234, Golden State Valkyries,Phoenix Mercury,GSV,PHX,2025-08-22,129689,11,"[317, 324, 5938, 7857]",4
1022500235, New York Liberty,Atlanta Dream,NYL,ATL,2025-08-23,9,20,"[314, 2121, 4344, 4345, 4346, 4349]",6
1022500236, Las Vegas Aces,Washington Mystics,LVA,WAS,2025-08-23,17,16,"[313, 4347]",2
1022500237, Connecticut Sun,Chicago Sky,CON,CHI,2025-08-23,18,19,"[310, 311, 312, 5937]",4
1022500238, Seattle Storm,Washington Mystics,SEA,WAS,2025-08-24,14,16,"[304, 308, 309, 7855]",4
1022500239, Golden State Valkyries,Dallas Wings,GSV,DAL,2025-08-24,129689,3,"[302, 307, 5930, 5936, 7853]",5
1022500240, Indiana Fever,Minnesota Lynx,IND,MIN,2025-08-24,5,8,"[301, 306, 2119, 3114, 3116, 5927, 5929, 5932, 5933, 5934, 5935, 7854, 7856]",13
1022500241, Connecticut Sun,New York Liberty,CON,NYL,2025-08-25,18,9,"[294, 296, 299, 303, 4097, 4340, 4341, 4342, 4343, 5928, 5931, 7852]",12
1022500242, Las Vegas Aces,Chicago Sky,LVA,CHI,2025-08-25,17,19,"[298, 2120, 5924, 5925, 7849, 7851]",6
1022500243, Seattle Storm,Indiana Fever,SEA,IND,2025-08-26,14,5,"[287, 291, 292, 300, 2118, 3113, 4339, 5912, 5914, 5916, 5917, 5918, 5919, 5920, 5921, 5922, 7847]",17
1022500244, Phoenix Mercury,Los Angeles Sparks,PHX,LAS,2025-08-26,11,6,"[288, 290, 2117, 5923, 5926, 7848]",6
1022500245, Las Vegas Aces,Atlanta Dream,LVA,ATL,2025-08-27,17,20,"[286, 2116, 2983, 5915, 7845]",5
1022500246, Connecticut Sun,Dallas Wings,CON,DAL,2025-08-27,18,3,"[284, 285]",2
1022500247, Washington Mystics,New York Liberty,WAS,NYL,2025-08-28,16,9,"[276, 282, 4335, 4337, 4338, 5911]",6
1022500248, Seattle Storm,Minnesota Lynx,SEA,MIN,2025-08-28,14,8,"[277, 279, 281, 3111, 5910, 7846]",6
1022500249, Chicago Sky,Phoenix Mercury,CHI,PHX,2025-08-28,19,11,"[278, 280]",2
1022500250, Dallas Wings,Atlanta Dream,DAL,ATL,2025-08-29,3,20,[275],1
1022500251, Indiana Fever,Los Angeles Sparks,IND,LAS,2025-08-29,5,6,"[274, 3110, 5909]",3
1022500252, Minnesota Lynx,Connecticut Sun,MIN,CON,2025-08-30,8,18,"[237, 238, 267, 268, 273, 7832]",6
1022500253, Washington Mystics,Golden State Valkyries,WAS,GSV,2025-08-30,16,129689,[272],1
1022500254, Chicago Sky,Seattle Storm,CHI,SEA,2025-08-30,19,14,[271],1
1022500255, New York Liberty,Phoenix Mercury,NYL,PHX,2025-08-30,9,11,"[270, 4330, 4331, 4332, 4333, 4334, 5907]",7
1022500256, Washington Mystics,Los Angeles Sparks,WAS,LAS,2025-08-31,16,6,"[235, 265, 269]",3
1022500257, Indiana Fever,Golden State Valkyries,IND,GSV,2025-08-31,5,129689,"[232, 234, 236, 262, 264, 266, 5904, 5905, 5906, 5908]",10
1022500258, Atlanta Dream,Connecticut Sun,ATL,CON,2025-09-01,20,18,"[226, 227, 230, 256, 257, 260, 5903]",7
1022500259, Dallas Wings,Minnesota Lynx,DAL,MIN,2025-09-01,3,8,"[229, 259]",2
1022500260, Los Angeles Sparks,Seattle Storm,LAS,SEA,2025-09-01,6,14,"[228, 233, 258, 263]",4
1022500261, New York Liberty,Golden State Valkyries,NYL,GSV,2025-09-02,9,129689,"[222, 252, 2113, 4324, 4325, 4326, 4327, 4328, 5902, 7843]",10
1022500262, Indiana Fever,Phoenix Mercury,IND,PHX,2025-09-02,5,11,"[218, 221, 223, 248, 251, 253, 3108, 3109, 4323, 5895, 5897, 5900, 5901, 7842, 7844]",15
1022500263, Los Angeles Sparks,Atlanta Dream,LAS,ATL,2025-09-03,6,20,"[211, 215, 241, 245, 5898]",5
1022500264, Connecticut Sun,Chicago Sky,CON,CHI,2025-09-03,18,19,"[212, 214, 216, 242, 244, 246, 2111, 3107, 4319, 4320, 4321, 5891, 5892, 5894, 5899, 7830, 7839, 7840]",18
1022500265, Phoenix Mercury,Washington Mystics,PHX,WAS,2025-09-04,11,16,"[204, 208]",2
1022500266, Dallas Wings,Golden State Valkyries,DAL,GSV,2025-09-04,3,129689,"[207, 2107, 2108, 2110, 5886, 5893, 7831]",7
1022500267, Minnesota Lynx,Las Vegas Aces,MIN,LVA,2025-09-04,8,17,"[202, 203, 205, 206, 7838]",5
1022500268, Los Angeles Sparks,Atlanta Dream,LAS,ATL,2025-09-05,6,20,"[199, 5883]",2
1022500269, Chicago Sky,Indiana Fever,CHI,IND,2025-09-05,19,5,"[195, 196, 200, 210, 240, 2102, 2103, 2104, 2106, 3106, 4314, 4316, 4318, 5884, 5885, 5888, 5889, 7836, 7837]",19
1022500270, New York Liberty,Seattle Storm,NYL,SEA,2025-09-05,9,14,"[198, 4311, 4312, 4313, 4315, 4317, 5887]",7
1022500271, Phoenix Mercury,Connecticut Sun,PHX,CON,2025-09-06,11,18,"[189, 192, 193, 194, 5882]",5
1022500272, Minnesota Lynx,Golden State Valkyries,MIN,GSV,2025-09-06,8,129689,[190],1
1022500273, Indiana Fever,Washington Mystics,IND,WAS,2025-09-07,5,16,"[182, 183, 188, 5881]",4
1022500274, Dallas Wings,Los Angeles Sparks,DAL,LAS,2025-09-07,3,6,[187],1
1022500275, Chicago Sky,Las Vegas Aces,CHI,LVA,2025-09-07,19,17,"[179, 185, 186, 2099, 5880]",5
1022500276, Connecticut Sun,Atlanta Dream,CON,ATL,2025-09-08,18,20,"[177, 178, 2098, 5879, 7835]",5
1022500277, Washington Mystics,New York Liberty,WAS,NYL,2025-09-09,16,9,"[174, 175, 2094, 4305, 4306, 4307, 4308, 7827]",8
1022500278, Minnesota Lynx,Indiana Fever,MIN,IND,2025-09-09,8,5,"[166, 173, 2096, 3104, 5874, 5876, 7829, 7834]",8
1022500279, Chicago Sky,Las Vegas Aces,CHI,LVA,2025-09-09,19,17,"[167, 172, 2091, 5870]",4
1022500280, Los Angeles Sparks,Phoenix Mercury,LAS,PHX,2025-09-09,6,11,"[169, 171, 2095]",3
1022500281, Golden State Valkyries,Seattle Storm,GSV,SEA,2025-09-09,129689,14,"[170, 2093, 5873, 5878, 7826]",5
1022500282, Atlanta Dream,Connecticut Sun,ATL,CON,2025-09-10,20,18,"[164, 5872]",2
1022500283, New York Liberty,Chicago Sky,NYL,CHI,2025-09-11,9,19,"[154, 161, 2083, 2085, 2086, 3103, 4296, 4298, 4299, 4300, 4301, 4302, 4303, 5856, 5865, 5866, 7822]",17
1022500284, Phoenix Mercury,Dallas Wings,PHX,DAL,2025-09-11,11,3,"[160, 5860, 5863, 5867]",4
1022500285, Golden State Valkyries,Minnesota Lynx,GSV,MIN,2025-09-11,129689,8,"[157, 162, 2084, 2088, 2090, 5859, 5861, 5864, 5868]",9
1022500286, Las Vegas Aces,Los Angeles Sparks,LVA,LAS,2025-09-11,17,6,"[156, 159, 2087]",3
1032500001, Team Collier,Team Clark, Team Collier,Team Clark,2025-07-19,131247,131246,"[556, 557, 562, 563, 566, 2187, 2189, 2190, 2193, 3168, 3169, 3170, 4496, 4498, 4501, 4502, 4503, 6114, 6115, 6116, 6117, 6119, 6121, 6122, 6123, 6125, 6126, 6128, 6131, 6133, 6134, 6136, 6137, 6138, 6139, 6140, 6141, 6142, 7955, 7956, 7958]",41
1042500101, Golden State Valkyries,Minnesota Lynx,GSV,MIN,2025-09-14,129689,8,"[137, 146, 2079, 2080, 5852, 7815, 7816, 7817]",8
1042500102, Minnesota Lynx,Golden State Valkyries,MIN,GSV,2025-09-17,8,129689,"[123, 126, 2067, 2071, 2073, 4279, 5818, 5822, 5824, 5833, 7805, 7807, 7810]",13
1042500111, Seattle Storm,Las Vegas Aces,SEA,LVA,2025-09-14,14,17,"[140, 141, 7820]",3
1042500112, Las Vegas Aces,Seattle Storm,LVA,SEA,2025-09-16,17,14,"[129, 130, 2074, 5839, 7809, 7813]",6
1042500113, Seattle Storm,Las Vegas Aces,SEA,LVA,2025-09-18,14,17,"[115, 118, 121, 2065, 5809, 5810, 5817, 5821, 5826, 7798, 7801, 7802]",12
1042500121, Indiana Fever,Atlanta Dream,IND,ATL,2025-09-14,5,20,"[139, 145, 5853]",3
1042500122, Atlanta Dream,Indiana Fever,ATL,IND,2025-09-16,20,5,"[128, 131, 2076, 3097, 4282, 5837, 5840, 5841, 5847]",9
1042500123, Indiana Fever,Atlanta Dream,IND,ATL,2025-09-18,5,20,"[116, 119, 2066, 2069, 3095, 4094, 4269, 4271, 4273, 5812, 5813, 5814, 5815, 5829, 7799]",15
1042500131, New York Liberty,Phoenix Mercury,NYL,PHX,2025-09-14,9,11,"[144, 2077, 4286, 4287, 4288, 4289, 4290, 4291, 4293, 7818, 7819, 7821]",12
1042500132, Phoenix Mercury,New York Liberty,PHX,NYL,2025-09-17,11,9,"[125, 127, 2070, 2072, 4272, 4275, 4276, 4277, 4278, 4280, 4281, 4283, 4284, 5828, 5830, 5831, 5835, 5838, 7804, 7806]",20
1042500133, New York Liberty,Phoenix Mercury,NYL,PHX,2025-09-19,9,11,"[109, 111, 112, 113, 117, 2062, 2064, 4093, 4263, 4264, 4265, 4266, 4267, 4268, 4270, 5807, 5808, 5811, 7795, 7796, 7797]",21
1042500201, Phoenix Mercury,Minnesota Lynx,PHX,MIN,2025-09-21,11,8,"[99, 101, 2057, 2060, 5796, 5798, 5803, 5805, 7788, 7790]",10
1042500202, Phoenix Mercury,Minnesota Lynx,PHX,MIN,2025-09-23,11,8,"[90, 93, 2050, 4257, 5787, 5788, 7779, 7780]",8
1042500203, Minnesota Lynx,Phoenix Mercury,MIN,PHX,2025-09-26,8,11,"[79, 80, 81, 83, 84, 2039, 2040, 2041, 2043, 3089, 4091, 4092, 4249, 5775, 5776, 5777, 5779, 5782, 7768, 7769, 7770]",21
1042500204, Minnesota Lynx,Phoenix Mercury,MIN,PHX,2025-09-28,8,11,"[74, 76, 2033, 2034, 2037, 4090, 4248, 5769, 5773, 7764, 7766, 7767]",12
1042500211, Indiana Fever,Las Vegas Aces,IND,LVA,2025-09-21,5,17,"[98, 102, 104, 2056, 2058, 2059, 3090, 3091, 3092, 3093, 4261, 4262, 5797, 5799, 5800, 5802, 5804, 7786, 7787, 7789]",20
1042500212, Indiana Fever,Las Vegas Aces,IND,LVA,2025-09-23,5,17,"[91, 92, 2048, 2049, 2051, 2054, 5786, 5790, 5792, 5795, 7778, 7781]",12
1042500213, Las Vegas Aces,Indiana Fever,LVA,IND,2025-09-26,17,5,"[82, 85, 2042, 2044, 4250, 5774, 5778, 5780, 7771, 7772]",10
1042500214, Las Vegas Aces,Indiana Fever,LVA,IND,2025-09-28,17,5,"[73, 77, 2035, 2038, 5767, 5768, 5770, 5771, 5772, 7763, 7765]",11
1042500215, Indiana Fever,Las Vegas Aces,IND,LVA,2025-09-30,5,17,"[61, 64, 65, 66, 68, 2024, 2025, 2026, 2028, 3087, 4242, 4244, 4246, 5747, 5749, 5750, 5751, 5752, 5753, 5765, 5875, 7744, 7745, 7748, 7749, 7750, 7756, 7758, 7759]",29
1042500301, Phoenix Mercury,Las Vegas Aces,PHX,LVA,2025-10-03,11,17,"[49, 50, 51, 52, 53, 2008, 2009, 2010, 2015, 2016, 4229, 4231, 4232, 4233, 5727, 5728, 5729, 5733, 5734, 5736, 7729, 7730, 7731, 7734, 7735, 7737]",26
1042500302, Phoenix Mercury,Las Vegas Aces,PHX,LVA,2025-10-05,11,17,"[43, 45, 47, 2003, 2004, 2005, 2006, 4225, 5723, 5724, 5726, 7723, 7724, 7725, 7726, 7727]",16
1042500303, Las Vegas Aces,Phoenix Mercury,LVA,PHX,2025-10-08,17,11,"[33, 34, 36, 37, 38, 1995, 1996, 1997, 1999, 2000, 4088, 4217, 4219, 4220, 4221, 5709, 5710, 5713, 5714, 5715, 5716, 5717, 5718, 7710, 7711, 7712, 7713, 7714, 7715, 7716, 7717, 7718]",32
1042500304, Las Vegas Aces,Phoenix Mercury,LVA,PHX,2025-10-10,17,11,"[25, 26, 27, 29, 32, 1986, 1988, 1989, 2979, 3075, 4086, 4087, 4206, 4207, 4208, 4209, 4210, 4211, 4212, 4214, 4215, 5697, 5698, 5699, 5700, 5701, 5702, 5703, 5704, 5705, 5708, 7701, 7702, 7703, 7704, 7705, 7706, 7708, 7709]",39
